topic,records,share,negative_share,sources,recent_records,prior_records,momentum,volume_score,negativity_score,momentum_score,breadth_score,priority_score,priority
Account/Service,44,0.1345565749235474,0.9090909090909091,1,3,1,0.9604156358238495,1,3,0,1,5,P2
Monetization,41,0.12538226299694188,0.4634146341463415,2,1,3,0.12817851582771145,1,2,0,2,5,P2
Story/Character,27,0.08256880733944955,0.5555555555555556,2,2,1,0.6635329045027213,1,2,0,2,5,P2
Performance,3,0.009174311926605505,0.6666666666666666,2,1,0,5.25531914893617,0,3,0,2,5,P2
Combat/Balance,22,0.0672782874617737,0.5909090909090909,2,3,2,0.4975647269930787,0,2,0,2,4,P2
UI/UX,4,0.012232415902140673,1.0,1,0,1,0.06976744186046512,0,3,0,1,4,P2
Social/Community,28,0.0856269113149847,0.21428571428571427,1,1,1,0.36665017318159326,1,1,0,1,3,P3
Content/Progression,9,0.027522935779816515,0.4444444444444444,1,1,0,5.25531914893617,0,2,0,1,3,P3
Other,149,0.45565749235474007,0.3825503355704698,2,35,6,1.851063829787234,3,1,3,2,0,N/A
