patch_version,topic,feedback_count,negative_count,avg_rating,negative_share
1.2,Combat,35,2,3.914285714285714,0.05714285714285714
1.2,Companion,38,6,3.5789473684210527,0.15789473684210525
1.2,Content,29,4,3.689655172413793,0.13793103448275862
1.2,Fashion,45,18,2.8444444444444446,0.4
1.2,Monetization,18,14,1.8333333333333333,0.7777777777777778
1.2,Performance,60,60,1.3833333333333333,1.0
1.3,Combat,42,5,3.6904761904761907,0.11904761904761904
1.3,Companion,50,8,3.66,0.16
1.3,Content,47,6,3.765957446808511,0.1276595744680851
1.3,Fashion,88,35,2.9886363636363638,0.3977272727272727
1.3,Monetization,23,16,2.0434782608695654,0.6956521739130435
1.3,Performance,221,221,1.3484162895927603,1.0
