market_review_id,source,app_id,app_name,created_at,voted_up,playtime_hours,review_text,topic,keyword_hits
M0001,Steam,2064650,Tower of Fantasy,2026-09-20T03:07:58+00:00,False,5.4,"the beginning of the game was really good, and i enjoyed character customization a lot! and then i continued playing bugs. bugs up the wazoo. the weird little flying quest was jittery and kept teleporting me [thank god it was an auto thang and i didnt need to steer], voicelines will cut for no reason, one of the quests i almost couldn't complete because it kept saying failed and reseting even though i was just driving the story is also great up until shiri gets... uh... well i sure wish i knew what was going on with her! game doesn't really explain and then the main questline skips over explaining what actually even happens between her being a normal girl and her becoming a cyborg thing [appearently it shuttles it off to another quest that isn't mainline??] and just. man. it sucks!",Content,5
M0002,Steam,2064650,Tower of Fantasy,2026-09-19T03:14:12+00:00,False,1421.7,This is the second time I have started this game and found that my login is gone and have to start all over with all of my purchases gone.,Other,0
M0003,Steam,2064650,Tower of Fantasy,2026-09-18T09:57:40+00:00,True,96.7,good pvp,Other,0
M0004,Steam,2064650,Tower of Fantasy,2026-09-14T17:48:35+00:00,False,1.6,How the hell has this game not had it's EOS announced yet?,Other,0
M0005,Steam,2064650,Tower of Fantasy,2026-09-14T04:31:10+00:00,False,151.9,"Enemies do zero damage to me, and I don't like that",Other,0
M0006,Steam,2064650,Tower of Fantasy,2026-09-11T14:21:24+00:00,False,225.0,"Id you asked me would i recommend this game a few years before many transfers i would say yes, however due to many transfer i lost my account and so did many, and as such i dont recommend this game. it was good memory.",Other,0
M0007,Steam,2064650,Tower of Fantasy,2026-09-11T12:24:13+00:00,False,12.7,"So, I’m a new player, i play on PC, and honestly, my first impression of Tower of Fantasy was pretty good! I customised my character and she turned out SO cute.💕 I was really happy with her, and the character customisation is definitely one of the things I liked the most. I’m still a little confused about the gacha system and how exactly you’re supposed to get weapons/characters, though. I’m usually more into classic MMORPGs, so I’m not really used to this kind of system. The game also throws a LOT of information at you at the beginning, and I’ll admit… I was too lazy to read all of it. 😭 So some of my confusion is probably partly my fault. I also ran into some issues with the voice acting/audio. Some voice lines seemed to be missing, while others were suddenly in English even though I had set my voice language to Japanese. It was pretty weird and took me out of the experience a little. But the biggest problem I had was the story progression. The game really doesn't feel very beginner-friendly if you're trying to actually follow the story in order. I got what felt like a massive spoiler very early on, because at some point the game suddenly wanted to send me to Vera or something??? And suddenly I was seeing Shirli's new appearance and getting information that, as a completely new player, I definitely wasn't expecting to see yet. At first, I genuinely thought my game had bugged out or that I had somehow skipped a bunch of quests. But then I checked my quests because I’m familiar with classic MMORPGs and I thought, ""Okay, maybe I should check what I'm actually supposed to be doing before I follow this new quest."" And that's when I realised that the story I was actually supposed to be experiencing had basically been pushed aside and turned into a side/Memory quest, while the game was trying to move me forward into later content. And honestly… WHAT 😭 I understand that the game is trying to help players catch up with the newer content, and technically the older story isn't gone. I could manually go back and track the original quests. But as a new player, I shouldn't have to already know that. If I'm playing the game for the first time and the game tells me to follow the main quest, I'm obviously going to assume that the main quest is the story I'm supposed to be following. Instead, I suddenly found myself being pushed into later content and seeing characters and story developments that I hadn't properly reached yet. That's what bothered me the most. I even looked online afterwards because I genuinely thought this was just something weird happening to my game, but I found other new players talking about having the exact same confusion. So I don't think Tower of Fantasy is necessarily a bad game. I actually think there's a lot here that I could enjoy. The graphics are really pretty, the character customisation is adorable, and I'm sure the game becomes much easier to understand once you've played it for a while. But I do think the onboarding is really confusing for a completely new player. There's a lot of information thrown at you, the gacha system can be confusing if you're coming from a more traditional MMORPG background, and the way the story progression works can make it really easy to accidentally spoil yourself or think you've skipped something. And for me personally, that really killed my motivation to continue. I didn't finish the game because I stopped playing after that. I did try to continue the original story manually, but honestly, I was still disappointed that I had already been shown such a major development before I was supposed to experience it. So, as someone who is new to Tower of Fantasy, I wouldn't personally recommend it as a first MMORPG if you're someone who really cares about following the story naturally and understanding everything as you go. That doesn't mean I think the game is bad. It's more like… I think Tower of Fantasy can be enjoyable once you understand how everything works, but getting to that point as a new player can be unnecessarily confusing. 😭 Still, the graphics are beautiful, and the character customisation is genuinely SO good. 💕 That's probably the part I had the most fun with!",Content,19
M0008,Steam,2064650,Tower of Fantasy,2026-09-09T05:36:06+00:00,True,216.0,13467457,Other,0
M0009,Steam,2064650,Tower of Fantasy,2026-09-08T21:09:30+00:00,True,2435.4,good game,Other,0
M0010,Steam,2064650,Tower of Fantasy,2026-09-08T17:11:19+00:00,True,5041.8,"When will a fourth height option and increased bust slider limits be added for custom characters? Most playable simulacrum are already taller and have larger body proportions than the custom main protagonist. Also, when will Steam achievements and Steam Points Shop items be added?",Other,0
M0011,Steam,2064650,Tower of Fantasy,2026-09-07T20:55:10+00:00,False,0.4,Couldnt even launch the game the launcher kept crushing.... And it still needed to download files after 100 gb download....,Other,0
M0012,Steam,2064650,Tower of Fantasy,2026-09-06T18:44:40+00:00,False,2.8,"Functionally unplayable, to think I thought this game deserved a second chance.",Other,0
M0013,Steam,2064650,Tower of Fantasy,2026-09-06T04:05:30+00:00,False,5.2,‎,Other,0
M0014,Steam,2064650,Tower of Fantasy,2026-09-03T22:18:30+00:00,True,28.3,Great Game GG,Other,0
M0015,Steam,2064650,Tower of Fantasy,2026-09-03T18:07:49+00:00,False,65.9,"Only played it for the EVA collab, otherwise it's quite extraordinarily ♥♥♥♥",UI/UX,1
M0016,Steam,2064650,Tower of Fantasy,2026-09-02T10:45:53+00:00,True,16.5,peak,Other,0
M0017,Steam,2064650,Tower of Fantasy,2026-08-30T05:51:04+00:00,False,344.4,"Dead, demands money to keep up OR you can play a server that wipes. Don't waste your time.",Social/MMO,1
M0018,Steam,2064650,Tower of Fantasy,2026-08-26T06:52:14+00:00,True,257.8,its a cute game,Other,0
M0019,Steam,2064650,Tower of Fantasy,2026-08-23T15:46:43+00:00,False,1.9,"thought I would check back on this game since i played it last a few months around launch. Since then they did a migrate your account or delete everything. everyone who didnt migrate their account by april 35 2025 had their account deleted. Super cool, if you play dont get too attached to your account.",Other,0
M0020,Steam,2064650,Tower of Fantasy,2026-08-22T17:18:12+00:00,True,36.9,good,Other,0
M0021,Steam,2064650,Tower of Fantasy,2026-08-21T12:19:30+00:00,True,14.0,gud,Other,0
M0022,Steam,2064650,Tower of Fantasy,2026-08-19T13:33:56+00:00,True,0.3,"Tower of Fantasy is s MMORPG class game, Coop and player v player modes are part of modus operandi. The game is an open world with many fantasy buildings to enter and explore. The graphics in this game are best appreciated with an IPS or IGZO display. This game is also available on the PlayStation 4. Played this on my Dell Precision 3480 with Arc Xe graphics and RTX A500 discrete graphics. Game is very playable.",UI/UX,1
M0023,Steam,2064650,Tower of Fantasy,2026-08-14T20:43:04+00:00,False,1.6,"It’s cool, really, it’s just not for me.. An MMO online solo game where gacha is about characters turned into weapons.. Gachas will always be boring and uninteresting games for me — games where, apart from the main combat mechanics, you’re fighting opponents who can’t do anything. Alas.. Downloading 110 GB on Steam just to then download 40 GB in the launcher — well, that’s just crazy. Blurred text.",Monetization,2
M0024,Steam,2064650,Tower of Fantasy,2026-08-12T22:02:18+00:00,False,4.3,"Hotta Studio desperately needs to hire a UI developer who has used a PC this century, or ever. This game is a straight-up lift-and-drop mobile phone game port, and it shows in every way. This is without a doubt the single worst PC video game UI I've experienced in the 21st century. There are dozens of disconnected sub-menus, and no two menus navigate in the same way. It's as if every single visual aspect of the game was designed by different siloed teams who had no communication with each other, and then Doug in Accounting's ""special"" kid was tasked with patching them all together. The fact that they made absolutely zero attempt to design a functional PC UI shows how lazy this company is, and how little they deserve anyone's time, let alone their money. Oh and have I mentioned the bugs? There are bugs. The game crashes when you sneeze at it. The game freezes up when my next door neighbor starts his motorcycle. The gamepad input randomly decides to stop working if you forgot to say ten Hail Marys in the last fifteen minutes. Once you actually get to play, the action itself is solid and rewarding, fun even. It's everything else about the game that belongs in a dumpster, which then needs to be set on fire. I really should have listened to all the other reviews already warning of all this stuff, but I had to see for myself. Now I have seen, and now I am uninstalling this hideous tripe. Edit: I forgot to turn off the comments before posting. Apologies for giving the CHUD whales another place to spew. That has since been corrected.",UI/UX,5
M0025,Steam,2064650,Tower of Fantasy,2026-08-10T22:47:35+00:00,True,78.9,nice and chill genshinstyle game <3,Other,0
M0026,Steam,2064650,Tower of Fantasy,2026-08-10T04:06:23+00:00,False,1.3,"This is a hard Nope from me. This is clearly a free-to-play moblie game ported to PC and not a great one. It's pretty to look at but that's all I'm convinced of. Frankly, I was bored. The Controller scheme is crap and you can't remap buttons even though it says you can. This game bleeds and relies heavily on being a super Science Fiction Trope-fest and not at all in good ways. The combat is super basic and bland. The voice acting is passable but nothing amazing. The beginning of the game was not all that engaging or entertaining. After having read some things about where the story doesn't get better till around 4.0 which is about 15-20 hours in, I am not at all willing to give a game that much time for the story to get better. The short and sweet of it: this isn't for me, moving on.",Content,3
M0027,Steam,2064650,Tower of Fantasy,2026-08-05T19:12:06+00:00,False,19.1,This game is so not worth a 6-7 rating. :3,Other,0
M0028,Steam,2064650,Tower of Fantasy,2026-08-04T17:58:09+00:00,True,255.3,"One of the best Asian gacha games of all time. Years of content for any new players, always adding new content for old players. While still as glitchy as most free gacha games, ToF offers almost every genera of fantasy and sci-fi all in one place., Only complaints, the UI is atrocious, and there is a steep learning cure due to the sheer volume of stuff that exists in the same. The WARP Server version is MUCH easier, and quite fast paced, while the original gacha servers are more in depth and have a longer progression.",Monetization,3
M0029,Steam,2064650,Tower of Fantasy,2026-08-01T13:49:16+00:00,True,3.7,ye,Other,0
M0030,Steam,2064650,Tower of Fantasy,2026-07-31T14:33:13+00:00,False,19.7,A-S-S,Other,0
M0031,Steam,2064650,Tower of Fantasy,2026-07-29T01:44:34+00:00,False,1.2,If you didn't follow them on Twitter a year ago. They deleted your account regardless if you spent a million dollars or not. Having no backups when switching servers is outright shameless.,Social/MMO,1
M0032,Steam,2064650,Tower of Fantasy,2026-07-28T22:14:49+00:00,False,3.6,"TLDR: Game is ok, but the steam version is not. I was having disk performance issues with the official version, so I decided to switch to the steam version, This version had to download 100GB so that I could get to the launcher. Then it had to download 31GB more to launch the game. Once it did that it immediately crashed to desktop. It doesn't even let me log in to my account and crashes to desktop once it is about to get to the home screen. So I had to re-download the official non-steam version As for the game, I loved this game when it came out, but they ended up deleting my account because of some sort of company merger with perfect world games. So I had to restart everything, which I was ok with because I wanted to play through everything again anyway. The game still has probably my favorite character creator of any game. And the open world is not really like other gacha games. Personally this is probably my favorite of all of the gacha open worlds. But the game has more problems now than when it released. First, for the base game, they added world tiers and you can choose to just one shot everything by keeping your account on the first world tier. Having an MMO with different world tiers makes no sense - especially since the people nearby may be on a different world tier than you. As for the ""warp server"" it's a really cool idea, but it has the same problems as the base game, but it might be even worse. There are no world tiers, but everything is so easy that it doesn't matter. It feels like you are on the first world tier all of the time. You one-shot everything except for world bosses, and even the world bosses do no damage to you. Also in the warp server, you start with 6 weapons that are upgraded to +9, and +15 is the max. It is extremely expensive to upgrade weapons, so you feel forced to use the starter weapons for quite a while. Edit: I got it to work on linux but they're still selling $500 outfits for their anniversary event so ♥♥♥♥ you",Combat,5
M0033,Steam,2064650,Tower of Fantasy,2026-07-28T03:11:31+00:00,False,0.1,"Played this game briefly when it first came out. It was a cool game at first, but it's really nothing special. I don't remember the story, the characters don't stand out very much, the combat is very atypical, and the visuals are really not that great compared to other games like Genshin.",Combat,1
M0034,Steam,2064650,Tower of Fantasy,2026-07-26T16:34:36+00:00,True,104.0,"Underrated. I honestly got mad when my account got deleted at first. I just came back recently and I gotta say, it is better now. It has features not seen on mainstream gacha games, like a whole open world map for mecha exploration/battle gameplay in space. Even Wuthering Waves doesn't have one yet, and their mecha gameplay is limited to a boss fight only. Underwater area is also much expansive than Genshin, with better tools and QoL as well. No need to pay hundreds of dollars to get them as well. The community isn't toxic too, at least here in Takoyaki.",Content,2
M0035,Steam,2064650,Tower of Fantasy,2026-07-23T02:52:02+00:00,False,22.2,Game was fun but the devs made it not,Other,0
M0036,Steam,2064650,Tower of Fantasy,2026-07-19T04:43:14+00:00,False,0.8,1,Other,0
M0037,Steam,2064650,Tower of Fantasy,2026-07-15T10:42:16+00:00,True,4.4,same game like neverness to everness content but gta open world game,Content,1
M0038,Steam,2064650,Tower of Fantasy,2026-07-12T21:14:20+00:00,True,19.8,Shut up and take my money,Other,0
M0039,Steam,2064650,Tower of Fantasy,2026-07-12T10:38:10+00:00,True,4.0,"Great graphics, fun story",Content,1
M0040,Steam,2064650,Tower of Fantasy,2026-07-09T22:57:21+00:00,True,13.6,"Tower of Fantasy, developed by Hotta Studio and published by Perfect World Games, is an ambitious free-to-play open-world MMORPG that blends futuristic science fiction with anime-inspired visuals and large-scale online multiplayer gameplay. Set on the distant planet of Aida, the story revolves around humanity's attempt to escape Earth's decline and build a new civilization powered by the mysterious Omnium energy. What begins as a technological breakthrough soon leads to disaster, leaving the world scarred by catastrophe and filled with dangerous creatures, rival factions, and forgotten mysteries. This narrative creates an engaging backdrop for a massive adventure that emphasizes exploration, action, and social interaction. The game's greatest achievement is the sheer scale of its world. Aida is packed with varied environments that constantly reward curiosity, from dense forests and sandy deserts to towering futuristic cities and frozen mountain ranges. Every region is filled with hidden treasures, environmental puzzles, exploration challenges, and optional activities that encourage players to venture away from the main storyline. Traversal feels fluid thanks to climbing, gliding, jetpacks, vehicles, and other mobility tools that make crossing long distances enjoyable instead of tedious. The combination of natural beauty and advanced technology gives each location its own personality, making exploration one of the most satisfying aspects of the experience. Combat stands out by favoring speed and flexibility over traditional MMORPG mechanics. Instead of selecting a permanent character class, players equip multiple weapons that can be swapped instantly during combat. Each weapon possesses its own abilities, elemental attributes, and fighting style, allowing players to create personalized combinations suited for different encounters. Battles are fast-paced and visually exciting, with perfectly timed dodges triggering slow-motion opportunities that reward precision and quick reactions. Boss encounters demand careful positioning and coordination, while ordinary enemies rarely become repetitive because of the wide variety of weapon combinations available throughout the game. Character customization also receives considerable attention. Players begin by creating their own avatar using an extensive selection of appearance options, giving everyone the opportunity to build a unique identity within the online world. As progression continues, equipment upgrades, relics, weapon enhancements, and additional customization systems steadily expand combat possibilities. The game also introduces Simulacra, powerful weapon users whose personalities, stories, and visual designs add additional flavor to the world without limiting player freedom. This approach successfully balances player creativity with memorable characters that enrich the game's lore. The multiplayer component reinforces Tower of Fantasy's MMORPG identity. Players can join friends or strangers to complete cooperative dungeons, challenge enormous world bosses, participate in guild activities, and engage in competitive multiplayer modes. Shared exploration naturally encourages teamwork, as players often encounter one another while traveling through the world or responding to large-scale events. Seasonal updates, limited-time activities, and expanding regions help maintain long-term interest, ensuring that both new and veteran players regularly have fresh objectives to pursue. Visually, the game presents a colorful and highly stylized interpretation of science fiction. Anime-inspired character models, impressive visual effects, detailed environments, and futuristic architecture combine to create an appealing presentation that remains consistent throughout the adventure. The soundtrack complements each region effectively, shifting from peaceful orchestral themes during exploration to energetic compositions during combat. Smooth animations and flashy weapon skills further enhance the excitement of battles without sacrificing overall visual clarity. The narrative offers an interesting mix of science fiction, mystery, and survival. As players uncover the history of Omnium energy and the downfall of civilization on Aida, they gradually learn more about the world's factions, political struggles, and hidden secrets. While the storytelling occasionally progresses at an uneven pace, the setting itself remains compelling thanks to its rich lore and unique blend of futuristic technology and post-apocalyptic themes. The game succeeds in establishing an identity that differs from more traditional fantasy MMORPGs while providing enough world-building to encourage continued exploration. Like many modern free-to-play online games, Tower of Fantasy includes progression systems tied to premium currencies, collectible weapons, cosmetics, and ongoing live-service updates. Players can experience a substantial amount of content without making purchases, but acquiring specific premium weapons or maximizing endgame performance may require considerable time investment or optional spending. Those familiar with gacha mechanics will recognize these systems immediately, while others may find the monetization less appealing despite the generous amount of free content available. Overall, Tower of Fantasy successfully combines expansive open-world exploration, stylish real-time combat, deep customization, and large-scale multiplayer systems into a polished online adventure. Its impressive environments, satisfying weapon mechanics, and cooperative gameplay create a rewarding experience for players who enjoy persistent online worlds and continuous content updates. Although its live-service design and monetization may not appeal to everyone, the game delivers a rich science-fiction MMORPG filled with memorable locations, engaging action, and meaningful opportunities for exploration and teamwork. Rating: 7/10",Content,18
M0041,Steam,2064650,Tower of Fantasy,2026-07-09T07:50:00+00:00,False,5.0,"this good should be genshin upgrade, but it become worse...confusing UI, no full controller support, no simulcra quick switch, only weapon....luckily wuwa arrived on steam...",UI/UX,2
M0042,Steam,2064650,Tower of Fantasy,2026-07-05T18:15:59+00:00,False,1.1,deleted my account i had since launch for no reason,Other,0
M0043,Steam,2064650,Tower of Fantasy,2026-07-05T12:07:11+00:00,True,265.8,I LIKED HOW THE CHARACTER DESIGN IS UNIQUE FROM ALL OTHER GACHA GAMES I RECOMMEND THIS GAME TO PEOPLE HOW WANT A CHANGE IN CHARACTER OR A CHANCE TO DESIGN THERE OWN,Monetization,1
M0044,Steam,2064650,Tower of Fantasy,2026-06-28T19:17:59+00:00,True,1471.4,"Fun at first, but the whale gap ruins the long game. I had a lot of fun with this game in the beginning. Exploring the new maps and hitting the initial grind felt great. Plus, the community is awesome—if you're struggling, high-tier whale players are always willing to jump into your game and carry you through tough content. Unfortunately, the positives stop there. The story and character acting are completely uninteresting. On top of that, the gameplay loop becomes incredibly repetitive. Unlike other games I've played, Tower of Fantasy demands a ridiculous amount of your time just to stay relevant. If you don't play constantly, you get left behind fast. The worst part is that no matter how hard you optimize your gear, the massive power gap between free-to-play and whales makes your effort feel pointless. I'm not sure if the devs are ever going to fix this cycle. It's worth trying for a few hours of exploration, but there are definitely better games out there.",Content,5
M0045,Steam,2064650,Tower of Fantasy,2026-06-28T10:34:25+00:00,True,322.6,"- The steam trailer is a bad representation of the game and so are some of these reviews. TOF is an extremely good game. The story is really is good. Not best out there, but it does keep you engaged for the most part. The way it revolves around weapons rather than characters is rather brilliant. I am only about half way through it (guessing) so my review is based on that. Yeah it is a gacha game, but I honestly do not see a problem with putting a couple bucks into something you like. If you so choose. It's a free game. So if you consider it I would say give it a shot. You might find something you really like.",Monetization,1
M0046,Steam,2064650,Tower of Fantasy,2026-06-27T21:41:51+00:00,False,1.7,"(Sry for the Food references. it just kinda happened) I Normally don't leave Reviews for games but this was pretty bad. I don't really like Anime style games but I've played Genshin Impact and Ark knights and comparing those to this is like comparing an onion to an apple. Good as is vs tastes terrible unless cooked, and this didn't cook... - Cant tell if the Voices are AI or human, but I did recognize ONE VA(""Get in the Car! we're leaving this town Now!! Ahh!! What The!!!! Impossible!! This isn't the Car!! Nonoo, Hermit Purple!) But regardless the voice acting was pretty bad, Not Terrible but not good enough for it to not feel like stale bread. - The pacing was all over the place when it came to cutscenes and Story Dialogue. Sometimes what they say doesn't make sense because they said it too early(AKA Dialogue jumping) everything happened too fast in the beginning. Nothing from a Cutscene led into where you started playing. Your just suddenly playing again. - No flow to the character animations or cutscenes. Between bad and stale animation loops ,to teleporting from one position to the next at lightning speed. - Combat is just like any other anime style fighting game, which isn't inherently bad, its just not unique. And to top it all off Before I could even really get past the Tutorial I crashed which is why my playtime is only 1.7hrs I don't even know if this is another Gotcha Game because I just couldn't stay interested enough to find out, and if it is; that's another thing deterring me from this as well. But that's just my preference. No crash Report either... Anyway not worth Your Time, 100Gb Disk Space, and Certainly not your Money From all the Account Issues they've had in the past.",Performance,2
M0047,Steam,2064650,Tower of Fantasy,2026-06-25T15:27:22+00:00,False,59.4,"I loved this game and forced myself to endure the gacha nonsense and seeing how far I could get as a F2P, I wasn't even mad when the whales were 50x more powerful than I was. I turned it into a solo game and had a blast because I loved the aesthetic, new maps and worlds were awesome. Then I came back one day and the devs just just deleted my character and all my hardwork was gone and in that moment I realized the devs truly didn't care. The game was not near good enough to endure a fresh start. How could any dev honestly wipe all progress in a gacha game when someone could potentially have given you $1000's? Reading other reviews seems I'm not the only one. Like, devs do you not want more money? No one is going to start from the beginning after being betrayed like that and your game was already struggling. This game is another classic case where it could have been huge if it wasn't for greedy game design and competent devs. I feel for all the artists and designers who made a great game only for it to be ruined by execs and the need to milk and manipulate players.",Monetization,2
M0048,Steam,2064650,Tower of Fantasy,2026-06-22T18:41:37+00:00,True,1663.4,"Probably one of the most ambitious game I ever played next to Warframe. Each world is so unique, with it's own flora, fauna, and feature. One world offers a vast under the sea exploration, one you assume identities and hack world mechanics, and one with MECHAS in space. Sure it has a low player base and some blemishes due to an ordeal of struggles they have to tread (being targeted by a certain fandom, influencers riding the hate for clicks, and poor to no support from their previous publisher) but its small fandom manage to keep them afloat, and continue to deliver awesome content.",Content,2
M0049,Steam,2064650,Tower of Fantasy,2026-06-21T20:50:51+00:00,False,2.3,"Idk, I remember playing this game on phone then transferred to PC but gave up shortly after",Other,0
M0050,Steam,2064650,Tower of Fantasy,2026-06-19T00:59:35+00:00,False,0.7,Abandonware,Other,0
M0051,Steam,2064650,Tower of Fantasy,2026-06-17T05:30:35+00:00,True,106.2,:),Other,0
M0052,Steam,2064650,Tower of Fantasy,2026-06-15T15:47:06+00:00,False,33.7,Just another gacha game. Not bad not good either. It's just that it feels like the powercreep is wayyy too overblown where it doesnt respect your time or even your money if you spend.,Monetization,1
M0053,Steam,2064650,Tower of Fantasy,2026-06-13T16:33:57+00:00,False,2.1,Don't play it,Other,0
M0054,Steam,2064650,Tower of Fantasy,2026-06-12T22:27:39+00:00,False,9.1,"Man, if only this game actually had the audacity to not make everything a slog",Other,0
M0055,Steam,2064650,Tower of Fantasy,2026-06-11T16:42:27+00:00,False,651.5,Hundreds of hours played and money spent. account wiped and it's all gone.,Other,0
M0056,Steam,2064650,Tower of Fantasy,2026-06-10T10:15:39+00:00,True,44.3,"for now the best story out there, shirli 10/10, fighting is good.",Content,1
M0057,Steam,2064650,Tower of Fantasy,2026-06-07T20:15:45+00:00,True,96.2,Fantastic game,Other,0
M0058,Steam,2064650,Tower of Fantasy,2026-06-07T05:43:30+00:00,False,0.4,‎,Other,0
M0059,Steam,2064650,Tower of Fantasy,2026-06-06T22:24:34+00:00,True,62.7,"i like the graphis of the anime game, also the story line is amazing",Content,1
M0060,Steam,2064650,Tower of Fantasy,2026-06-06T21:03:28+00:00,True,39.7,I regret everything,Other,0
M0061,Steam,2064650,Tower of Fantasy,2026-06-06T18:26:17+00:00,False,33.2,bad,Other,0
M0062,Steam,2064650,Tower of Fantasy,2026-06-06T02:29:06+00:00,False,208.5,"played since almost day one, before it was on steam. account gone. spend a lot of money on the game (stupid i know). all of that gone. no reason to play now, what a joke.",Other,0
M0063,Steam,2064650,Tower of Fantasy,2026-06-05T07:55:09+00:00,False,2.3,They wiped everyone's accounts and had a garbage account transfer process that didn't even work! Tons of money down the drain just for the to release the exact same game with no changes. How pathetic.,Other,0
M0064,Steam,2064650,Tower of Fantasy,2026-06-05T01:05:13+00:00,False,1.5,Unoptimized mobile to pc port trash. Not good.,Performance,1
M0065,Steam,2064650,Tower of Fantasy,2026-06-03T23:17:54+00:00,False,96.0,"Account got wiped after a break of a few months, never got a mail telling me this was about to happen, not going to put another second into this game let alone money...",Other,0
M0066,Steam,2064650,Tower of Fantasy,2026-06-02T05:26:37+00:00,False,1.6,TRASH AI,Other,0
M0067,Steam,2064650,Tower of Fantasy,2026-06-01T20:11:12+00:00,False,0.4,Thers NO option to uninstall anything thats downloaded from this games website. thers only an option to repair or reinstall.. working on deep dive into my system to get rid of this game,Other,0
M0068,Steam,2064650,Tower of Fantasy,2026-05-31T02:50:08+00:00,False,25.3,Dead,Other,0
M0069,Steam,2064650,Tower of Fantasy,2026-05-27T09:25:03+00:00,False,1683.9,"This game is mid as hell, if you planning to play this game, forget about it. So why am I still playing? becuz im that cooked.",Other,0
M0070,Steam,2064650,Tower of Fantasy,2026-05-25T13:16:09+00:00,False,2.0,"the game was trash, but it is even more trash now... i reintalled it after a very long time (years) thinking maybe they would have improved it.. but, character creation has, alot of missing things like a certain slider ( '-') ... after that, i uninstalled since, at this point.. if they are removing a slider, what else have they removed? and not improved upon... so, it will remain uninstalled for good o7 ... or atleast until i see some actual improvements (which will most likely not happen)",Other,0
M0071,Steam,2064650,Tower of Fantasy,2026-05-24T14:20:00+00:00,True,2.2,"It still cooking, but sometimes perform Bullet time didn't make Invicible for Players.",Other,0
M0072,Steam,2064650,Tower of Fantasy,2026-05-22T15:56:42+00:00,True,481.6,"*UPDATE* I still love this game *END OF UPDATE* I started playing this game around the start of April 2026. It is May 22nd, 2026 and I am 203.2 hours into it. I'm having an absolute blast and I've spent $0 on this game. I see this game has gotten some flak for a few things, so I thought I'd make a few points/counter points to things that have been said. I saw someone say ""There's no real story or point to the game"" I disagree with that. The story is pretty detailed on what's going on, and as you progress for area to area, you see how each area is being affected by what is going on in the story. Is it the best, most moving story ever? No, but I'd give it a 7/10 for story at least. I saw another person say ""Resources to raise weapons are ridiculously scarce for the amount it costs"" I strongly disagree with that. In fact, I have the total opposite issue. My weapons are so maxed out, I am currently waiting to hit level 100 to raise them any further. That same person said ""They introduce activities that you can't even feasibly do at recommended combat score and levels. Examples? Bygone Phantasm floor 11. I had over 10k combat score MORE than that floor, still can't clear it."" 10k CS (combat score) isn't very powerful at all. My gf started playing after me; she has 27hrs and has a CS of 30k. After 203hrs my CS is around 133k. Bygone Phantasm is also an endless fight to see how far you can get, not to beat. I have made it to floor 315, and have hit ""the wall"". The game is an MMO at the heart. You need closer to 30hrs (imo) to get an actual idea of it. Yes, it has it's issues. Some glitches, translation issues, quest lines trying to take you through walls, gacha-game mechanics everywhere, more than I can say here, but so does every MMO I've played, and I used to be an OG WoW player. I also can not attest to everything that happened when the switch from Tencent to PWG and the loss of accounts, as I joined post issues. Currently, the game is a blast, the community is helpful (on my server at least), and I'm probably going to put another 200hrs this year. P.S. I am not calling out anyone who's comments I referred to. I used them to justify my counterpoints.",Content,6
M0073,Steam,2064650,Tower of Fantasy,2026-05-21T20:04:17+00:00,False,1.2,i had a account it removed an wont help get back so please dont play the game they wont help,Other,0
M0074,Steam,2064650,Tower of Fantasy,2026-05-18T22:14:33+00:00,False,4.1,not bad but not good either.,Other,0
M0075,Steam,2064650,Tower of Fantasy,2026-05-18T08:50:08+00:00,True,9.9,"For what is is, I enjoyed it quite a lot. good game",UI/UX,1
M0076,Steam,2064650,Tower of Fantasy,2026-05-17T19:05:39+00:00,True,7.5,Gooners,Other,0
M0077,Steam,2064650,Tower of Fantasy,2026-05-17T17:34:06+00:00,True,1.4,melhor jogo ja lancado acabei de goona,Other,0
M0078,Steam,2064650,Tower of Fantasy,2026-05-17T10:27:16+00:00,True,225.2,Tower of Fantasy has been my favourite game since years. Ive played it since day one left for some years returned and then never dropped it especially due to the story but being able to design my own look makes the game feel personal in a way most gachas dont. And now with the new no-gacha servers i hope i can transfer my gacha acc to the warp servers once theyll add this function on global. But all in all this game is a masterpiece and will always have a place in my heart,Monetization,3
M0079,Steam,2064650,Tower of Fantasy,2026-05-17T03:20:12+00:00,False,1.5,"Awful. I went to test the warp server and without gacha it's worse. At least before you could get gacha pulls by exploring points on the map, now that's gone, and yet there's still a gacha that you can pay for with money, and if you want to get the characters you need to grind a lot. The graphics are still awful and the port from mobile to PC is still one of the worst in the genre. Horrible game.",Monetization,4
M0080,Steam,2064650,Tower of Fantasy,2026-05-15T11:43:09+00:00,True,1.1,9999999999/9999999999,Other,0
M0081,Steam,2064650,Tower of Fantasy,2026-05-15T05:06:45+00:00,True,192.1,"At first thought it's a good game since I really like the combat system and characters. Initially, there are way too many bugs and game keeps crashing for me, however, the support team was steadfast in resolving these issues. Recommended.",Performance,1
M0082,Steam,2064650,Tower of Fantasy,2026-05-13T23:57:45+00:00,True,0.4,"What sets this game apart is the weapon system. Being able to switch between three different weapons on the fly and trigger ""Phantasia"" (time-slow) makes every encounter feel dynamic. The elemental combos and diverse weapon skills offer a lot of tactical variety. It’s a great mix of solo progression and rewarding co-op content.",Combat,3
M0083,Steam,2064650,Tower of Fantasy,2026-05-12T22:22:10+00:00,True,276.1,i like this game,Other,0
M0084,Steam,2064650,Tower of Fantasy,2026-05-05T12:23:05+00:00,False,241.8,"Lost my account due to not recieving any notification of a publisher swap. Miss my Gleipnirs man, I liked the jam.",Other,0
M0085,Steam,2064650,Tower of Fantasy,2026-05-04T03:00:21+00:00,False,17.6,"Honestly. I tried to keep an open mind. I tried. I told myself it'll be mmo-esque but without the gambling. How bad could it be? Oh..sweet jesus. I tried the ""warp"" server. Where to start? Resources to raise weapons are ridiculously scarce for the amount it costs..even moreso if (heaven forfend), you get an altered weapon. Food? Proper healing? Forget about it cause it's all locked behind high levels and doesn't heal worth a damn compared to your HP pool. Even healing weapons don't do the job when your HP pool is so gigantic. Exploration is agonizing. Most stuff doesn't ping on your minimap until you're right on top of it. Supply pods? Better memorize where you got them cause not only does the game NOT list or show any you've gotten, all it gives is x/y number. Down to missing just two pods in a region? Get to wandering for hours and pray you find 'em, bucko! Systems that have a bunch of important stats behind them don't unlock until late into the story, long after you desperately need them. Gear? Complete crapshow. Various tiers, randomized stats. Good luck getting that one slot for that one stat you want, less you grind for hours on end, praying RNG likes you. Oh, chests you say? Great! Till you run out of vitality. 8 per chest, 72 vitality at most. And guess what, homie? 70 hours to refill to full. Oh yeah. They introduce activities that you can't even feasibly do at recommended combat score and levels. Examples? Bygone Phantasm floor 11. I had over 10k combat score MORE than that floor, still can't clear it. Also? Level 30 joint ops. Hah! Ain't no way level 30s are clearing that. I duoed it with another well equipped level 48, I myself was 45. CS 48k and 38k respectively. Failed. Boss one shot the both of us. you expect a level 30 group, who undoubtedly would have far worse gear than us, to clear that? You're smoking something, ToF. It's all the little things. Clunky movement, slow as frick climbing. Oh the jetpack? It works. Long as you're on the ground. Jump in the air, use it? You just glide. No boost up mid-air. I mean, gee..screw making use of the double jump into that. Can't do it. Like..don't introduce activities and systems I can't use at the level you bloody introduce them. Don't waste my time. I shouldn't have to rush the damn story to level cap just to unlock systems needed to do ANYTHING of import. That's ridiculous. This is no MMO. No MMO in history that's been successful would do any of this insane crap.",Combat,6
M0086,Steam,2064650,Tower of Fantasy,2026-05-04T00:14:39+00:00,False,44.0,"You know I've played this game on there launcher mainly but lordy, back when I played a lot there was idk a game here? like a story and a point to this game but ever since the game was sold out the game has turned into a mess, There's no real story or point to the game other then well (The dur) characters at this point and really I think this is kinda the only thing keeping this game from being killed off fully but that won't last forever. Too anyone looking at this game just don't, Save your money and time by skipping out on this one as you missed the ""golden"" time to play this when it first dropped, Now it seems to be more of a RP / Skin game then anything that is slowly dying off.",Content,2
M0087,Steam,2064650,Tower of Fantasy,2026-05-03T18:54:03+00:00,True,76.3,"i loved this game, it was a great form of escape, too bad i have to uninstall it for now to make more space for NTE and other games. will definitely come back to it in future patch tho.",Other,0
M0088,Steam,2064650,Tower of Fantasy,2026-05-03T02:49:09+00:00,False,1.9,"nope. not really worth the grind. characters dont have a spine and physics make no sense, and i love good character design. world is not really engaging and story is boring. played at release and reached lvl 45 > they decided to delete acc and merge servers > lost my acc and hours > came bacck recently to give it another try but absolutely boring and not worth the grind.",Content,1
M0089,Steam,2064650,Tower of Fantasy,2026-05-02T16:25:44+00:00,False,3.9,controller support is wack and i have pretty much LOST my data after the update. thanks... hotta studio...,Other,0
M0090,Steam,2064650,Tower of Fantasy,2026-05-02T04:51:59+00:00,True,173.6,"This game is great if you focus on Futuristic Environment Settings. Other than that you can be yourself unlike any other gacha games that i've seen which is based on switching characters while in this game instead of switching characters, you switch weapons. So far there are bugs but they isn't a big deal to me which is fine by me.",Monetization,1
M0091,Steam,2064650,Tower of Fantasy,2026-05-01T15:17:18+00:00,True,1.9,"I haven't been able to play for a while due to the size of the game, but I highly recommend the game. Animations, characters, story, gameplay - it's easily the best game of its kind that I've tried. Highly addictive. My playtime through steam is low since I got the game directly from the website when it first came out, so I've lost my logged playtimes since it's changed hands and I wound up needing to download through Steam. I also somehow lost my account, so I'll be needing to start all the way over, but I look forward to upgrading my PC so I can play from the beginning to see how it's evolved!",Content,1
M0092,Steam,2064650,Tower of Fantasy,2026-04-29T14:02:58+00:00,False,4.9,Its the biggest piece of dog poop only made to extract maximum amount of money from its players,Other,0
M0093,Steam,2064650,Tower of Fantasy,2026-04-29T00:46:22+00:00,False,130.8,"Jank. Seriously, they have had almost 4 years post-launch to fix this mess with potential. It has potential, but there are so many issues and most of those issues have persisted since launch. What have they been doing? Building on top of the jank instead of fixing it first. Common issues: 1. CTDs while initializing about 90% if all attempts. 2. Can arbitrarily CTD during cutscenes. Hope you don't care about the story. Cutscene will skip if this happens. 3. Character model will default proportions during some cutscenes. 4. Lip sync is terrible, but does get better in later content. Still bad regardless. 5. Terrible VO direction. The VAs appear to be given lines only and no context for what they are saying. This gets better in later content. 6. Terrible (English) VA in a lot of dialog in the launch content. This does get better in later content. 7. MTX are way too expensive. Everything costs double what it should, or more. 8. Unable to transfer character from non-WARP server to WARP server. This is dumb. This resets all progress for the player if they want to play on WARP servers. 9. WARP servers remove the gacha, yes. But not really. Every daily login you get one free 5-star character at random. However, I do not trust the drop rates for the better current content characters. 10. Performance is very janky. It can run well enough most of the time, but what makes it janky is periodic hitching for half a second or more as special effects are loaded in on a high-end PC. These will likely be longer and more frequent on lower-specs. This is regardless of graphics quality settings. 11. Rather than improve the quality and stability of V1.0 content, they instead try to railroad you into skip quests that launch you ahead to later content stupidly fast and skipping essential portions of the original story and the context behind what's going on. 12. Menus are terrible. There are so many different obnoxiously formatted UI elements and styles throughout all the menus, and there's no cohesive or consistent design, function, or style to any of them. Best of all, they were made for 1080p screens. So they look low-quality pixelated at anything higher like 1440p or especially 4k. 13. Logging in can be confusing and annoying if you use anything other than a Steam account. Which you could not do at launch. Reason is because if you accidentally login with Steam or Google when you have a PWG account, you will have to wait 7 days for account deletion of the unintended account creation to then hopefully remember to link your PWG account with later so you no longer have to worry about this. There's your 13 reasons Hotta. Fix it, or take it out back.",Content,10
M0094,Steam,2064650,Tower of Fantasy,2026-04-26T20:37:32+00:00,False,34.1,"The game is fun but they deleted my account without notice. Maybe they will do it again, who knows?",Other,0
M0095,Steam,2064650,Tower of Fantasy,2026-04-26T16:02:24+00:00,False,0.4,For people who have to much free time.,Other,0
M0096,Steam,2064650,Tower of Fantasy,2026-04-26T05:24:21+00:00,False,72.0,"I’ve played ToF for a long time, and enjoyed it for the character customization and open world. It was one of my favourite anime games, until they’ve removed the difficulty options in Joint Operations. That was the only gamemode where pets could fight alongside you, and now the JO enemies scale with your level, making them unfairly tanky. I have a lot of good memories from playing ToF, but it looks like the devs abandoned it at this point. The recent updates haven’t done anything to add game modes involving pets, or letting you explore the overworld with them. It’s been more than year since I’ve put those suggestions in a survey, and yet the pet system remains stagnant. It’s sad the devs have forgotten about this core feature. These shortcomings with ToF can’t help me but compare it to another online, open world game: No Man’s Sky. No Man’s Sky recently added the Xeno Arena update, which added a simulated pet combat mode (like Pokemon). Additionally, the amount of pets you could own was increased from 18 to 30. That update alone made NMS further surpass ToF, as NMS also had overworld pets for years instead of them being permanently in an enclosure on the Artificial Island. Unlike ToF, No Man’s Sky remembered and improved one of the biggest features in an open world game, being the vast roster of fantastical, alien creatures as companions. Tower of Fantasy is close to being a great game, but the devs’ neglect (and arguably even suppression) of a core feature made it a shadow of itself that’s just out of greatness’s reach. I’m doubtful that their new game, Neverness to Everness, will be successful either, as it will just be another set of wasted potential for Hotta to abandon. Even after having successfully transferred the account with my original progress, I don’t think I’ll return to this game for a while.",Combat,2
M0097,Steam,2064650,Tower of Fantasy,2026-04-25T19:22:10+00:00,False,50.9,Boobs. It's otherwise COMPLETE TRASH!!!,Other,0
M0098,Steam,2064650,Tower of Fantasy,2026-04-24T15:01:20+00:00,True,124.3,I love this game it's so much better than the rest!,Other,0
M0099,Steam,2064650,Tower of Fantasy,2026-04-23T20:43:59+00:00,True,227.8,"I'm obsessed with this game! The gacha component is really not bad at all, I've put no money into the game and I'm still having a great time!",Monetization,1
M0100,Steam,2064650,Tower of Fantasy,2026-04-21T20:56:06+00:00,True,1.6,These negative reviews are bunk. Game is solid.,Other,0
M0101,Steam,2707930,Palia,2026-09-20T16:56:27+00:00,True,136.5,"I played when this first came out, got caught up to an update, and kind of stopped playing for awhile. I came back to playing it this year and I realized how much i missed playing it. Palia constantly has new things added that I never thought could be added. The base game itself without the actual storyline quest is fun and super cozy but having the storyline and side quests add to the multitude of things you can do. I love that there isn't necessarily a cap to your skills, you can decorate multiple plots, and there is always something new to discover or strive to get/complete in the game. (As someone who is an achievement hunter this is hard as I always want to ""complete"" all the achievements BUT this is the one game I am will to sacrifice my achievement hunter love for lol) I also have to say the community surrounding this game is extremely supportive and welcoming. I have had so many other players help me with item requests, cutting flow trees down, completing blooms, etc. I've seen a lot of players helping out new ones with how to do things and its been a wholesome experience watching! Most importantly, I love that this game is NOT PAY TO WIN!! The only time you would ever use real money is for clothes, skins, pets, and horses. And for the ""battlepasses"" (Idk what else to call it lol) you would just unlock extra or more items. The currencies you can get from those (Kilima coins) don't help you progress in the actual game but rather give you more decor options to purchase from the Catalogue in City Hall for your our plot. Sorry if my review is all over the place but as someone who hates having to pay to progress in games, I love that this game really is only paying for cosmetics. And if you can't tell already, I love the game and would 100% recommend it if you want a game with endless things to do, a great community, and not feeling like you have to pay to progress. :))",Content,5
M0102,Steam,2707930,Palia,2026-09-20T16:34:12+00:00,True,572.4,"Community is A+++ The game is PRETTY, I love the townsfolk and their personalities, the story quest is good, and it is so easy to just fish, mine, hunt, farm, craft. The home decor and decorating can be so creative. I love seeing everyones unique homes. They added horses which really helped with travelling since the maps are big. Everytime they add something I am like how is this free. The outfits are a great extra for supporting the game. But you really don't need to spend any money to get the most from this game.",Content,3
M0103,Steam,2707930,Palia,2026-09-20T03:22:12+00:00,True,15.6,"It's not so fast pace, Go on an adventure have your own cozy place you can cook, build garden and collect things.",UI/UX,1
M0104,Steam,2707930,Palia,2026-09-20T02:55:20+00:00,False,17.8,"Everything takes too long, you don't actually get to do anything with your friends, and progression is extremely slow. Also ♥♥♥♥ paid storage expansion",Other,0
M0105,Steam,2707930,Palia,2026-09-19T23:22:35+00:00,True,38.8,hroses,Other,0
M0106,Steam,2707930,Palia,2026-09-19T18:52:44+00:00,True,1234.8,.,Other,0
M0107,Steam,2707930,Palia,2026-09-19T11:59:40+00:00,True,6.5,"It's like a combo of adventure and cosy gaming. ENough adult content to keep the story interesting, but written well enough I can play it with my kids (Under 10). We love Palia!",Content,2
M0108,Steam,2707930,Palia,2026-09-19T07:49:53+00:00,True,999.3,This is my favorite cozy and it's always improving,Other,0
M0109,Steam,2707930,Palia,2026-09-19T05:07:16+00:00,False,1.4,"Palia advertises itself as an online co-op life sim, but it constantly keeps you and your friends separated from the parts that actually matter. You cannot truly build, progress, and grow a shared home together, so everyone ends up working on their own isolated plot. That completely defeats the purpose of multiplayer in this type of game. The main appeal should be creating something together, sharing resources, and building a community, not occasionally seeing your friends while everyone independently develops their own world. Until meaningful shared building and progression are added, Palia feels like a single-player life sim with other players wandering around in the background, not a genuine co-op experience.",UI/UX,4
M0110,Steam,2707930,Palia,2026-09-19T03:14:34+00:00,True,758.3,"Amazing game!! I absolutely love this one, and the community is super kind and helpful. :)",Other,0
M0111,Steam,2707930,Palia,2026-09-18T23:32:42+00:00,True,65.0,"I enjoy this game, it is a mashup of Stardew Valley and A Township Tale. Its nice that it can be played on different platforms. My husband plays it on his xbox series s and I play it on my LInux PC running Steam. I will say my biggest complaint so far is the partial controller support on PC. I use a wired xbox controller (because the BT drops connection too frequently) and the fact that some menus and game play require you to use the mouse and/or keyboard is frustrating. Mostly because of convenience and my game play style (not a reg mouse/keyboard user). I would play it on xbox but mine is a xbox one s and is not supported for the game. I guess I don't quite get the tech mechanics of how it all works. Just feels like if it can run and use only xbox controller on xbox why not on PC...? But that is separate from the enjoyment of the game. I like the game and only experience server issues, how things load and delay/refresh during active game play.",UI/UX,4
M0112,Steam,2707930,Palia,2026-09-18T22:56:09+00:00,True,131.7,"One of the best games I have ever played. Genuinely exciting, fun, and the true definition of cozy. It as if Harvest Moon and Animal Crossing met the MMO Open World experiences of Fallout 76. So wonderful.",UI/UX,1
M0113,Steam,2707930,Palia,2026-09-18T22:19:37+00:00,True,37.6,it's alright...little bit of puzzle solving when in doubt just you tube the answer.,Other,0
M0114,Steam,2707930,Palia,2026-09-18T21:56:17+00:00,True,9.7,"Great, great game! Like Animal Crossing 200.0. Recommend it with my whole heart!",Other,0
M0115,Steam,2707930,Palia,2026-09-18T20:21:50+00:00,True,36.5,Just an awesome game!! So much fun!!,Other,0
M0116,Steam,2707930,Palia,2026-09-18T17:44:43+00:00,True,1467.6,live laugh play palia,Other,0
M0117,Steam,2707930,Palia,2026-09-18T13:59:38+00:00,True,525.5,"If you like MMOs but want low stakes, this is the game for you. No stressing about build optimizations, community-focused but just as enjoyable on your own, the developers encourage friendly collaboration with regular event updates. There is story, with NPC friendships and romance lines, as well as collectibles, animal raising, pets, and a plethora of outfits. There is plenty of content without having to spend real money, with the majority of the paid content being cosmetic (with the exception of the recent addition of paid extra storage and extra pet courier slots). Overall a good game if you are looking for a relaxing time where you set your own goals.",Content,4
M0118,Steam,2707930,Palia,2026-09-18T12:52:47+00:00,True,32.7,lot of fun with friends,Other,0
M0119,Steam,2707930,Palia,2026-09-18T05:50:28+00:00,True,91.1,"very fun cozy game HOWEVER crazy prices for cosmetics. I play to decompress, I think that the game is entertaining especially if you like games like Stardew Valley. I like the hunting mechanics too. In the story you can get as far as you want, no paywall.",Monetization,2
M0120,Steam,2707930,Palia,2026-09-18T04:56:50+00:00,True,45.5,This game is fun. It's got a lot to do and the community is nice.,Other,0
M0121,Steam,2707930,Palia,2026-09-18T01:37:06+00:00,False,95.3,"pretty good for a free game, story is great and characters are very cute! only problems I have with this is that theres not that many customizable options for your character. Women and male body types are stuck being only 1 body type, with no muscular types for women or other fat/chubbier body types for either. also the fact that all the cool stuff is behind paywall which is fine, its just that it's so expensive for a few items. If you could pick the colors on a colorwheel for the clothes instead of pre made options it would be a lot nicer the game is pretty buggy with lots of grammatical errors and i KNOW the devs are prolly working hard to fix those its just annoying :( also paid storage sucks and goes against the promise the devs made a year or two ago with them serving the community faithfully overall everything is just kinda expensive and we would like it if it were cheaper and stuff weren't behind paywalls",Monetization,4
M0122,Steam,2707930,Palia,2026-09-17T22:11:59+00:00,True,175.0,"Best cozy game ever. Cooperation encoouraged, no pvp. Gardening, building, puzzles, and memorable NPCs. Dailies, weeklys, and , monthlies. No extra pressure to purchase, no pay to win, but aesthetic enhancements are available to purchase. So much to do! Love this game! Also available on Switch. Generally appropriate for all ages. LGBTQ friendly.",UI/UX,1
M0123,Steam,2707930,Palia,2026-09-17T22:11:41+00:00,True,56.7,fun game,Other,0
M0124,Steam,2707930,Palia,2026-09-17T22:04:13+00:00,True,11.6,BANGER IF YOU LIKE RUNESCAPE,Other,0
M0125,Steam,2707930,Palia,2026-09-17T18:28:02+00:00,True,216.7,Great free game.,Other,0
M0126,Steam,2707930,Palia,2026-09-17T18:11:22+00:00,False,1431.4,"They claimed they wanted it to be ""non pay to win"" and technically it isn't, but it is ''pay to play the game as it's supposed to be played''. They started slowly with horses, then moved to furniture, and now storage space. Who knows? Maybe in the future, they'll start charging real money for basic tools or items. Storage is a huge deal in this game. Before the ""pay to get more storage"" update, they used to give free storage space to all players with every major update (meaning a new map with new items). They would just bump up the limit, for example, from 5,000 to 7,000. Now, you have to spend real money if you want more space. Since every new map brings a flood of new items, I doubt they're going to keep giving out enough free storage to keep up. Players were asking like crazy for more storage, and with every new map, the devs would say, ""We hear our players, so we're upgrading the storage."" -_- They HAD! to upgrade it anyway because of the new maps and new items! These devs give off the exact same vibe as the old Overwatch devs: ""Oh look, we hear you guys!"" (if you played Overwatch back in the day). If you just want a simple game to relax and play without thinking much, you either have to pay real money for basic storage (or idk maybe basic mechanics in the future?) or find something else. And it's not cheap either for the price of extra storage, you could easily buy 2 or 3 other full games. I really liked the game and even spent money on skins A LOT of money (stupid me), because back then, it was genuinely fun, even as a solo player. But after all this? Nah, I will never support a free to play game with my money again. One more thing: even if you do spend money to buy skins and other items, expect to deal with bugs and glitches sometimes, and good luck dealing with their support team. From love to hate. Thanks Singularity 6, Palia WAS a good game.",Content,4
M0127,Steam,2707930,Palia,2026-09-17T16:28:53+00:00,True,22.3,.,Other,0
M0128,Steam,2707930,Palia,2026-09-17T15:24:56+00:00,True,381.4,"Cozy game, cool content, low cortisol gaming. 6/10. Feels like Animal Crossing meets Stardew Valley. I've played since beta. It looks like I don't have a lot of hours because I was using the game's client before I swapped over to Steam. I really, really, REALLY, want to give this game a 10/10, but having put in more hours than my daily job, I can only give it 6/10. There's a lot to improve on, and I believed in their vision, but I have to stop being delulu and be honest about how disappointing their delivery has been. For starters, I'll admit that I'm wanting too much out of Palia. I like everything Palia already has, but I keep wanting it to have something like Genshin's many regions. I just see how much it could be, but isn't... yet. Ever since I started playing 3 years ago, I wanted them to add a mount--took them 2 years but then finally did even though back then they said they had no plans to back then. I wanted them to add a dungeon/mines like Stardew Valley since all the mobs in game are passive and run away from you. But we physically don't have an HP bar and I guess the devs didn't want to add one to keep in theme with ""cozy sim low-cortisol gaming"", I wanted them to add more regions with more npcs, but I'm still stuck with the same village and only 5 new npcs. Instead of feeling like I can venture out and bring cool stuff back to my house, I'm just stuck in a small and slowly expanding bubble of rinse and repeat. With how successful and profitable this game is, we should be getting fuller updates. Maybe it'll be what I want it to be after another 2-3 decades. That's how slow it feels for a game that's making more money than an indie game. You're telling me after 3 years, we only have 3 regions and 5 new npcs? Why is it after 3 years we're still capped at 1k focus and no new way to raise it higher? Why is there no overeating option like Raft where I can't eat anymore, but the excess food gets temporarily added to my bar so it doesn't go to waste? Why is it I'm just sitting on maxed renown that I can't spend on? The game hides behind it's beta shield as many others have said and agree with. I haven't encountered enough bugs to be peeved about it. The game has an unstuck button which usually fixes things most of the times. And if it doesn't, loading to a new area (reloading screen) or changing to a tool in hand usually fixes it. I think Switch players probably have to deal with the annoying bugs, whereas mine are easily fixable so they don't annoy me--or I've just grown accustomed to the typical bugs in all games.",Performance,3
M0129,Steam,2707930,Palia,2026-09-17T11:57:14+00:00,True,252.2,"This was a fantastic game to play! I started playing in early release and watched it grow to what it is as of a year ago! I haven't played it in a while, but I definitely want to get back to playing it more. I do want to warn you, it is a FREE game, but they get you with outfits and things in the store!! So beware!!!",Fashion,1
M0130,Steam,2707930,Palia,2026-09-17T08:13:37+00:00,False,2.7,"saying ""it's still in beta"" when someone complains about a gamebreaking glitches, while treating it like a full relased game with packs, microtransactions and being on every platform at this point isn't a great look. oh and it's been in ""beta"" for 3 years",Other,0
M0131,Steam,2707930,Palia,2026-09-17T03:17:43+00:00,True,1037.3,"Yes, I would- and have recommend Palia to others. But, with a few warnings. First the game can be glitchy. Like your pet may float in the air, or run in place. The other warning is even though this game is free to play, and you don't have to spend money on it. It is moving towards a Pay to Win type of game. For example, if you work on ""unlocking"" a new item during game play. The premium items can often be unusable until you pay (real money) to actually use them. Which, I am not a fan of. If I do challenges/ paths and ""unlock"" an item- that should be it. I should be able to use that item w/o paying anything! The Premium items from the game store are often overpriced as well. I would not mind spending $ 5 to even $ 10 on a license to be able to ride a fancier mount or to have nicer clothes, mainly cosmectic items. But this is not the case- it can cost much, much more! Palia- my advice to you- work on your game bugs, make all pathing/ challange items usable and free of charge, and last -reduce the cost of Store Premium items.",Monetization,1
M0132,Steam,2707930,Palia,2026-09-17T01:52:58+00:00,True,5.7,"Very relaxing game, I mostly play it on PS5 but imma leave a review here :) ---{ Graphics }--- ☐ You forget what reality is ☐ Beautiful ☑ Good ☐ Decent ☐ Bad ☐ Don‘t look too long at it ☐ MS-DOS ---{ Gameplay }--- ☐ Very good ☐ Good ☑ It's just gameplay ☐ Mehh ☐ Watch paint dry instead ☐ Just don't ---{ Audio }--- ☐ Eargasm ☐ Very good ☑ Good ☐ Not too bad ☐ Bad ☐ I'm now deaf ---{ Audience }--- ☑ Kids ☑ Teens ☑ Adults ☑ Grandma ---{ PC Requirements }--- ☐ Check if you can run paint ☑ Potato ☐ Decent ☐ Fast ☐ Rich boi ☐ Ask NASA if they have a spare computer ---{ Difficulty }--- ☐ Just press 'W' ☑ Easy ☐ Easy to learn / Hard to master ☐ Significant brain usage ☐ Difficult ☐ Dark Souls ---{ Grind }--- ☐ Nothing to grind ☐ Only if u care about leaderboards/ranks ☐ Isn't necessary to progress ☑ Average grind level ☐ Too much grind ☐ You'll need a second life for grinding ---{ Story }--- ☐ No Story ☐ Some lore ☐ Average ☐ Good ☑ Lovely ☐ It'll replace your life ---{ Game Time }--- ☐ Long enough for a cup of coffee ☐ Short ☐ Average ☑ Long ☐ To infinity and beyond ---{ Price }--- ☑ It's free! ☐ Worth the price ☐ If it's on sale ☐ If u have some spare money left ☐ Not recommended ☐ You could also just burn your money ---{ Bugs }--- ☐ Never heard of ☑ Minor bugs ☐ Can get annoying ☐ ARK: Survival Evolved ☐ The game itself is a big terrarium for bugs ---{ ? / 10 }--- ☐ 1 ☐ 2 ☐ 3 ☐ 4 ☐ 5 ☐ 6 ☑ 7 ☐ 8 ☐ 9 ☐ 10",Monetization,2
M0133,Steam,2707930,Palia,2026-09-17T01:11:51+00:00,True,73.5,"Palia is exactly the type of game I was looking for, its cozy, addicting to play and there's so much to do. I like that they continuously update it so you don't run out of content. The style and the graphics are amazing and the story telling and main quests are actually detailed and entertaining.",Content,3
M0134,Steam,2707930,Palia,2026-09-17T00:55:15+00:00,True,45.7,"very quickly a hyperfixation of mine holy moly, i do wish that villager likes were more predictable and consistent why does tamala hate the thing i literally gave her last week... /lh",Performance,1
M0135,Steam,2707930,Palia,2026-09-17T00:23:53+00:00,True,38.2,fun game and runs smooth,Other,0
M0136,Steam,2707930,Palia,2026-09-16T22:49:51+00:00,False,85.8,"a pretty fun and relaxing mmo ruined by the absolute greed. ive grinded so many hours to get the ""free"" valhast horse that you cant even use because you need to pay 30 euros for a ""riding license"" very out of touch. so many bugs persist through multiple patches as well",UI/UX,1
M0137,Steam,2707930,Palia,2026-09-16T22:33:54+00:00,True,13.3,This game is very cutesy! Love playing it with my friend.,Other,0
M0138,Steam,2707930,Palia,2026-09-16T18:44:11+00:00,True,272.8,It is a relaxing game that is very diverting that leans into the players creativity for decorations. I do find some aspects to be a little bit of a grind but I haven't been frustrated to the point of giving up.,Other,0
M0139,Steam,2707930,Palia,2026-09-16T14:02:56+00:00,True,424.6,Love this game the only thing i don't like is being forced to interact with other players from time to time to complete certain task. I very much enjoy gaming on my own and at my own pace without needing someone to complete something.,Other,0
M0140,Steam,2707930,Palia,2026-09-16T11:43:24+00:00,True,74.3,"This gane is very cozy, something easy to pick up and unwind to. IThe community is kind and helpful. The downside of this game though, it's glitchy and clunky, the sever connection gets lost easily so it can be fustrating. Overall, if you are looking for something not to demanding after a long day, something that is low key and eay to pick up and put down without the preasure of FOMO, this is the game for you.",Other,0
M0141,Steam,2707930,Palia,2026-09-16T03:41:45+00:00,True,41.7,Reminds me a lot of when I first got into mmorpgs and played Free Realms for the first time.,Other,0
M0142,Steam,2707930,Palia,2026-09-16T01:52:45+00:00,False,242.3,"Just like infinity Nikki they have decided to over bloat the game and never fix it and only focus on the paid content. Like outfits or storage space. They have literally said that they are more focused on working on the stuff players will buy with actually money than fix the game bugs. Even the ""free"" gift they give can't be used without paying actual money. For example, you can get a mount but you need to pay to be able to actually use it as a mount. I don't mind paying for some stuff here and there but when the game is so buggy that I get stuck just walking into town or the rare ingredient I have been trying to get bugs out and is just gone, it just takes the fun out of it. What's the point of buying stuff if the game is to buggy to even play. Also having to wait so long for an update to the main story and you basically shoving paid content down or throats.... I'm just over it lol. I would have rather paid 30 bucks for the game if it meant that I would have regular updates to game play.",Content,3
M0143,Steam,2707930,Palia,2026-09-16T01:46:37+00:00,False,68.9,"Theres a lot ive got to say aboout this game both good and bad, as of the current state of the game right now though, mostly bad. And its not even from a conceptual standpoint. Starting with the good things, this game is fairly easy and progression feels nice, satisfying and linear, the romance is nice and sweet and rewarding but theres also genuine times too where your relationship with a character actually feels like one. The open world aspect when it goes smoothly unaffected by bugs is really rewarding and super fun, im a sucker for a good open world game. But, unfortunately because of the absurd amount of bugs in this game and weird in game mechanics meant to hold your hand, said exploration as the game intends just becomes super annoying really fast and at times just becomes so tedious, which is a shame because this game for being free has so much open world content with many areas for you to wander around. The amount of bugs in this game both minor and some more major and game breaking is insane to me for a game that is iirc three years into release. For reference, the in game menu has an unstuck button just so you know what you could be getting into lol. If i went into extensive detail into all the bugs ive found a mere 50 hours into this game wed be here forever so im just going to rapid fire the ones most annoying to me off the top of my head. Bugs will freeze in place and not ""run"" from you, huntable animals often will freeze in place and eat your arrows and not take that damage and then teleport away randomly, NPCS are un-interactable at times and also teleport to other locations before you can actually talk to them, NPCS and item drops from resources or hunting sometimes do not appear and are invisible to you only popping up the collect or talk to icon, sometimes whilst travelling across the world for no explicable reason youll just teleport backwards and need to remake that distance all over again, animations for chopping trees and mining will sometimes play out almost all the way through then your character for no reason just stops and you have to replay the three second animation for your ""damage"" to actually register that time extending the time it takes to get resources by a lot if youre grinding, sometimes your character when spawning into a new location will be teleported instead to a white void where your stuck in a falling animation and have to use the in game unstuck button, your character also will sometimes spawn bald, ive seen other players just sliding around the map in like a T pose position before, sometimes ill see gates and doorways stuck open when they only are supposed to open and close when you get near/away from them, and lastly, when playing sometimes for no reason my view in game will just flick a random direction and mess up my aim or where im trying to go when travelling from place to place, a problem ive never had with any other game and its not a problem with my mouse i checked. I want to so badly reccomend this game because I can tell besides the bug aspect a lot of love went into the game and the characters and the routes and gameplay and world and story building but all these very mildly infuriating bugs make the way the game is intended to be played all the more mildly annoying when all of these happen often enough and one of these at least once everytime I pick up the game, that I just cant reccomend it fully in good faith. Another problem this game also suffers from is strange game mechanics and janky ass hitboxes that make the game regarding travel and so forth that little bit more unfun. Like mounts for example will catch on the hitbox of any little thing, a fence, a gate a tiny little bush or tree or a wall or rock and need to do a complete full stop for a second or two then on top of that play another like 2-3 second animation of it rearing up before you can actually move and start to get going again, which when youre travelling through dense forested areas and you end up hitting every tiny little bush just to travel to the other side of an area is SO incredibly infuriating so fast especially when this game has such detailed wild areas and such. At times just to skip all the bull, I just unmount and remount because its faster to do that then sit through all that time of animations playing. it also does not help, and perhaps this is an issue with my mount seeing as I just have the tutorial one they give you but the turn radius on the horses are so incredibly stiff that it makes it that much harder to avoid every little stone. I get trees having hitboxes and stuff but when things like a tiny little shrub or a single pile of rocks or hell even a tiny little unsmooth incline makes me fullstop every time it makes me so annoyed that id literally just rather walk if the areas youre meant to explore and travel werent so large. I should not feel this about a game that has its story deeply rooted in its open worldness but the game at times honestly feels like its fighting you when you try to go anywhere with the resources they give you. The fact as well that you can ""drown"" in waist deep water is so incredibly annoying especially when it happens so fast that it ruins the flow of traversing the map when I walk through maybe a river too deep or a pond in the way and I immediately get teleported backwards sometimes a really far distance as it teleports you where you last touched safe land, for water that was hardly deep at all again in a game where the world around is so detailed and filled with lots of rivers and water features. It just ruins my emersion of the game and instead now im sitting there questioning why the game is made this way as I need to move around the entire damn thing to keep moving forward. Another thing i also forgot to mention intiially is how quests will auto-pin themself which makes you need to open the quest menu and.unpin.them.indivisually.every.single.time. But yeah, its just in general, this game suffers a lot more from downsides than it does upsides which is a real shame because this game is something I genuinely could see myself sinking hours and hours into because of how engaging other aspects of the game are but I just cannot get over how buggy the base game is and how sometimes Ill be doing something super fun then Ill get reminded how this game unfortunatley is flawed and in a very broken state just by playing the game the way it was intended. For all the fun you can get out of the game theres 20 bugs that you encounter so again, i really just cant in fully goo faith reccomend this game to anyone. Theres other games on the market open world and better coded and structured than this one....",Content,9
M0144,Steam,2707930,Palia,2026-09-16T01:37:44+00:00,True,31.7,its fun try it,Other,0
M0145,Steam,2707930,Palia,2026-09-16T00:38:25+00:00,True,89.1,"If you are looking for a cozy game to play with TONS to do, this is the game for you! Unsure? Jump on Twitch, lots of streamers playing it!",Other,0
M0146,Steam,2707930,Palia,2026-09-15T22:17:04+00:00,True,155.2,best game to garden irl and in game,Other,0
M0147,Steam,2707930,Palia,2026-09-15T21:40:24+00:00,True,21.6,love this game,Other,0
M0148,Steam,2707930,Palia,2026-09-15T15:13:26+00:00,False,0.9,"For a game so highly recommended, you would think male and female characters would have different animations, but no. Even if you choose the male character as your base, he has only animations specifically made for a female character. It looks uncanny, not in a funny way. He looks like he broke most of his bones or is posing for an OF ad. In first minutes i also encountered a glitch, the notification about ""being a good neighbour"" popped out 2 times, and since i didnt skip it the second time, the game crashed, hardlocking me since i didnt complete the character selection yet. The glitch caused a black screen and my pc having to be restarted (the game didnt want to close at all in the dark screen state) The game seems to be made specifically for girl players who play girl characters. Wouldnt really recommed it for anyone who prefers playing as a male character.",Performance,1
M0149,Steam,2707930,Palia,2026-09-15T03:06:17+00:00,False,297.5,I used to love this game but it really feels like they lost the plot after the horse update. It's just not fun anymore and its full of glitches that dont seem like will ever get fixed.,Other,0
M0150,Steam,2707930,Palia,2026-09-15T01:45:41+00:00,True,574.1,"Beautiful community, great free game for all!",Other,0
M0151,Steam,2707930,Palia,2026-09-15T01:21:24+00:00,True,112.8,"i love this game. very relaxing and easy-going. you can do plenty of things off to the side while playing. that said, this game brought me to the brink of tears because of frustration. i've been doing zeki's disguise bundle for eons because of the scarcity of midnight jaakcat floof... every 200-240ish fine arrows led to 1 or (if i got lucky) 2 floofs. i am now stuck at 14/15 floofs because the request system will not allow my friend to give me the LAST floof (potentially because it's star quality??? i don't know man... D:( overall, i wish this bundle wasn't as grindy. i understand the bundles are for collecting materials & such, but i don't want to have to go through the arrow material collection cycle to only get 1-2 floofs every 240 arrows. good game, though :)",Content,1
M0152,Steam,2707930,Palia,2026-09-14T23:34:27+00:00,True,65.1,"It was a bit confusing at first and I wasn't sure I would like it, but I love it. So many places to explore, interesting storyline. I love the fishing and hunting. Creating a house is fun. I am playing with a controller. Lots of things that you can buy with real money to make it better, but I am not buying stuff. Wish there was more free pets and mounts but that is my only gripe so far.",Content,1
M0153,Steam,2707930,Palia,2026-09-14T22:02:00+00:00,True,20.6,Fun Life sim!,Other,0
M0154,Steam,2707930,Palia,2026-09-14T20:56:15+00:00,True,22.6,very fun,Other,0
M0155,Steam,2707930,Palia,2026-09-14T18:22:46+00:00,True,31.4,The most relaxing and coziest game I have ever played. I love Palia.,Other,0
M0156,Steam,2707930,Palia,2026-09-14T17:56:37+00:00,True,2641.0,"I've never been a gamer. Still would not call myself one since Palia is the only game I play. So I don't have any basis to compare with other games and anyone reading this should take that into account. That said, I've been loving the game. Much of my play is solo, but I also play with my fiance and with ad-hoc parties. The game is designed to reward collaboration and cooperation between players and players who perform random acts of kindness to other players tend to have a better experience because of that design. The community vibe reflects that ethos, overall. For this non-gamer, Palia is a winner.",Social/MMO,1
M0157,Steam,2707930,Palia,2026-09-14T15:44:30+00:00,True,226.8,"Very nice and somewhat easy, truly amazing world to spend hours solo or with friends.",Other,0
M0158,Steam,2707930,Palia,2026-09-14T03:01:17+00:00,True,25.1,"MUCH more pleasant experience playing palia on a computer than on switch. good cozy vibes, no stakes, just hunting, gathering, farming, making friends (which, honestly, is a lot more pleasant experience than in other sims).",Other,0
M0159,Steam,2707930,Palia,2026-09-13T23:36:07+00:00,True,9.8,"Very Relaxing game. Got plenty of things to do like main quests, side quests, or go at your own pace.",Content,2
M0160,Steam,2707930,Palia,2026-09-13T22:44:47+00:00,True,150.2,gud,Other,0
M0161,Steam,2707930,Palia,2026-09-13T21:07:59+00:00,False,356.8,"I used to play the game before and i spent hundreds of hours making my home pretty, im so dissapointed in your management team and devs. The community has waited for the game to go 1.0 for YEARS. Its STILL BETA . I specificly stopped cuz i wanna wait till the game is done. U guys are now CHARGING FOR STORAGE AND CONSTANTLY UPDATING THE CASH SHOP RATHER THAN FOCUSING ON THE 1.0. Bad reviews will continue until game improves. Focus on optimisation.focus on the effing 1.0 and then release the big update then.",Performance,1
M0162,Steam,2707930,Palia,2026-09-13T20:11:02+00:00,False,395.2,"Normally I would have recommended this game to all of my friends, and have gotten several in here already - but with the new update that adds the ability to purchase storage space I can no longer do so in good faith. Yes, I have purchased bundles, and yes, I have paid for some currency for cosmetics. Cosmetics are fine - but adding pay-to-win mechanics breaks the original promise made by the devs, on top of the cosmetics already being absurdly expensive, and as such I can no longer support giving money to this game. I will continue playing Palia, but until cash shop things are resolved, you will not get another cent from me. Do better.",Monetization,3
M0163,Steam,2707930,Palia,2026-09-13T18:56:28+00:00,True,1005.6,lots to do. very few deadlines. i mostly meander about.,Other,0
M0164,Steam,2707930,Palia,2026-09-13T18:25:02+00:00,False,11.8,"I cannot in good faith recommend Palia to anyone like me. The game looks nice, the premise is interesting and I love the characters so far. However, that's as far as I can go with the positives. Don't get me wrong; I love this game so far... but it's just unhealthy for me to continue playing. Palia is buggy, extremely so. I would understand if it was made by a small indie team or if it was a more recent game, but it isn't - Palia has been out for three years now. I'm someone who doesn't try to encounter bugs, but I have faced several in my hours playing. You can get sent flying up into the sky from playing a minigame, you will clip into objects, animals you are hunting will suddenly teleport away or run under the water where you can't reach them. People say Palia is still in beta, but that's no excuse for this behavior lasting this long. Pay elements are everywhere, and I mean everywhere. You cannot exist in Palia without finding an in-game ad asking you to fork over your money for subscriptions and cosmetics and the ability to get around much faster with a horse. All a free player gets in terms of character customization are some hairs and basic clothing, but if you want to customize beyond that, you HAVE to pay real money. There's no other way to customize besides paying up, or you'll look bland and boring forever. I think the game specifically knows this, because the cosmetics offered in the premium shop are things anyone would enjoy, especially cottagecore folks like myself. I <3 (character) shirts, meme clothing, dresses, emotes, pets, ect. There is not a single quest in the game, from my research, that gifts for clothes or lets you craft it yourself. It's not like the cosmetics are cheap, either! Some sets are worth nearly $50 USD. There's even a battle pass. So, yeah, while there's memes and Jimothy plushes, this game is extremely predatory. The devs don't care how broken it all is or how your experience goes, they just want money.",Fashion,4
M0165,Steam,2707930,Palia,2026-09-13T16:52:23+00:00,True,41.6,"It really reminds me of Free Realms made by Sony way back from 2009-2014. I been searching for a game like it since it shut down and only recently gave this a try. Sure, there isnt combat minigames but that is fine by me. but the only thing i dont like is how all clothing is basically pay2get. there is zero free outfits besides the default options that i'm aware of as of making this review.",Fashion,1
M0166,Steam,2707930,Palia,2026-09-13T16:15:14+00:00,True,2417.0,like harvest moon and world of world craft had a baby i love all the side quests and material sharing <3,Content,1
M0167,Steam,2707930,Palia,2026-09-13T13:10:37+00:00,True,28.3,"This game is addictive! As a long time World of Warcraft player, I've found a new home with a game that keeps the trash out. Slow paced, great graphics and a story line all of it's own",Content,1
M0168,Steam,2707930,Palia,2026-09-13T09:54:43+00:00,True,16.0,Good,Other,0
M0169,Steam,2707930,Palia,2026-09-13T08:23:52+00:00,True,54.9,ye,Other,0
M0170,Steam,2707930,Palia,2026-09-13T02:07:44+00:00,True,30.7,"Cozy, fun, don't feel pressured to make in game purchases. Easy to get into and lose a couple hours",Other,0
M0171,Steam,2707930,Palia,2026-09-13T01:10:03+00:00,True,42.1,It very cozy and cool game!,Other,0
M0172,Steam,2707930,Palia,2026-09-12T17:42:53+00:00,True,396.6,Not huge on the irl money prices in the game but that aside you can play this game without putting a cent into it. It is a lot of fun. Lots to do. the lore and story is good. if you are looking for a cozy time sinker this is a good one.,Monetization,1
M0173,Steam,2707930,Palia,2026-09-12T17:40:43+00:00,True,15.2,cool game,Other,0
M0174,Steam,2707930,Palia,2026-09-12T17:02:05+00:00,True,268.0,I've never been less stressed playing a video game in my life.,Other,0
M0175,Steam,2707930,Palia,2026-09-12T16:11:57+00:00,True,43.0,"Oh, Dauntless. How I miss you. But, it's good to see your engine being put to good use. I'm not much of a cozy gamer, my purview lies within explosions, 1000-to-1 odds and a heroine to pluck me from the jaws of death at the last minute. That said, I really enjoy the laid-back approach to this game. Sure you have to pay-to-be-pretty, but on it's own as a F2P game, I think it's all right. There's no content locked behind a paywall, you can access the entirety of the game for absolutely free. But if you wanna look cool/different, whoo boy. Those cash shop prices are actually kind of bonkers. We're talking 20 bucks for a set of armor. Maybe it will change an animation here or there, but outside of that it's strictly just cosmetic. That isn't really a bad thing, but as far as I know, there's no way to earn cash shop money to eventually grind your way to the things you want. All in all, it's a very good cozy/house game that also lets you hunt animals. Very low on violence or even commitment. Also Tish is best girl and I will kill everything in a 500 mile radius to protect her.",Monetization,4
M0176,Steam,2707930,Palia,2026-09-12T11:39:00+00:00,True,127.4,"It's a good game I can play with my son without any violence. Very cosy, nice plotlines, some fetch-quests get boring though. Happy to say you don't need to buy any content to make the game intereresting.",Content,2
M0177,Steam,2707930,Palia,2026-09-12T10:04:27+00:00,False,26.9,"Don't get me wrong, it's a decent and cozy game but very damn exhausting. Worst navigation and compass system I have seen, takes too long to just find where I have to go and who I have to talk to. I haven't marked most quests except for one yet I still see all NPCs in the compass. I can't even see main quest markers. Like.. what? Fix that thing...",Content,2
M0178,Steam,2707930,Palia,2026-09-12T08:44:24+00:00,True,613.0,The only game that calms my mind. I haven't came across more relaxing open world game. There are some bugs here and there but overall its enjoyable experience. Its like cure for your brain after you had encounters with bots cheaters and toxic people on other online games.,Other,0
M0179,Steam,2707930,Palia,2026-09-12T07:30:38+00:00,False,1832.8,"Used to love this game (2,000+ hours). Core game functions are now behind paywall. I do not recommend anymore.",Monetization,1
M0180,Steam,2707930,Palia,2026-09-12T05:39:21+00:00,True,60.3,It's fun and self-paced. I like the graphics and the variety of quests.,Content,1
M0181,Steam,2707930,Palia,2026-09-12T05:06:27+00:00,True,11.9,"Has a fun and very interactive story, love it.",Content,1
M0182,Steam,2707930,Palia,2026-09-12T04:08:47+00:00,True,102.1,Great game! Nice and enjoyable :*,Other,0
M0183,Steam,2707930,Palia,2026-09-12T00:32:22+00:00,True,89.0,"So I'm still ""new"" but I already have 50h of gameplay... in less than 2 weeks. Yeah, guess you could say I fell in love with that game haha! I played a LOT of Guild Wars 2 and in some way, Palia has some very similar mechanics, except no combat or PvP. But still, both games have the same feeling when it relates to natural ways to cooperate! Like shared loot, buffs when you fish around other players, optional paid cosmetics and storage extension, etc. Anyway, great game and it's free?! Like omg I'm happy it was the end of the month and I was broke so I checked out the ""free to play"" on Steam haha!",Social/MMO,2
M0184,Steam,2707930,Palia,2026-09-12T00:11:15+00:00,True,24.6,I came here for Einar. Everyone else can step aside.,Other,0
M0185,Steam,2707930,Palia,2026-09-11T23:09:17+00:00,True,2.5,solid cozy game,Other,0
M0186,Steam,2707930,Palia,2026-09-11T20:48:56+00:00,True,426.3,"This game balances cozy game chore management with a truly original story, and combines that with it's small-server multiplayer environment that makes you feel far more like a part of a community than anything I've played in a while. Some tasks require cooperative play with people, encouraging you to either invite friends to come check the game out too, or to interact with other players to achieve a common goal, often leading to new friendships <3 They've been keeping things fresh with pretty regular updates, all while maintaining free-to-play accessibility, so getting friends to check it out isn't a daunting financial committment, super chill!",Social/MMO,3
M0187,Steam,2707930,Palia,2026-09-11T17:35:00+00:00,True,828.1,amazing game,Other,0
M0188,Steam,2707930,Palia,2026-09-11T16:31:39+00:00,False,7.1,zasto nemogu uci nikako u igricu,Other,0
M0189,Steam,2707930,Palia,2026-09-11T16:12:49+00:00,True,1647.1,"The massive multiplayer world is amazing. I love the graphics and the story lines. You can play alone it just isn't as fulfilling as online players that are already running around. There is in game text chat. I would like in game voice chat though. The Palia community is truly amazing! There are some ""bad actors"" but that is true in all multiplayer game, grifters and cheaters have got to test every limit they can. There is a couple sites that are super helpful: paliaparty.com , palia tracker , palia.wiki.gg. all of these are free to use. There is in game purchasing for skins and the like. There is no play to pay which is why I still play",Social/MMO,4
M0190,Steam,2707930,Palia,2026-09-11T09:37:17+00:00,True,515.3,"relaxing, fun, entertaining.",Other,0
M0191,Steam,2707930,Palia,2026-09-11T08:02:30+00:00,True,75.3,"It's nice to play a game where the devs have a clear goal and are competent. Super cozy and nice game with crafting, house building, exploration and combat- And all content just works and feels good to play.",Content,2
M0192,Steam,2707930,Palia,2026-09-11T05:25:44+00:00,True,23.7,Its interesting game to play !,Other,0
M0193,Steam,2707930,Palia,2026-09-11T04:15:35+00:00,False,43.7,"Nothing special, despite how hyped it was a while ago. Most cosmetics are paid (and the battlepass ones are kinda ugly icl), It's okay, but the game honestly looks more like something that was a scrapped mobile game, especially with the animations of the models. I'll keep playing purely because I want to 100% but it's not worth the time in my opinion. You'd be better off playing other games.",Fashion,1
M0194,Steam,2707930,Palia,2026-09-11T02:10:46+00:00,False,4.1,Love the concept and all but the game gets very boring at some point and the in game payments are super expensive for what it is.. also very buggy,Monetization,1
M0195,Steam,2707930,Palia,2026-09-11T01:33:15+00:00,True,23.4,This game is all the fun of an RPG without the fighting. Best for those who enjoy the grinds of gathering and crafting. Probably the most laid back and casual cozy game I've ever played. You can do a great deal without ever spending real money. And none of the player toxicity you see in the more popular online games.,Other,0
M0196,Steam,2707930,Palia,2026-09-11T01:08:46+00:00,True,423.5,"Very cute, very cozy. The community tends to be rather kind and helpful. The devs seem like they listen to the community and there tends to be a lot of community events that everyone can benefit from even if you don't participate heavily. It's my go to game when I just want something that I don't have to think too hard about but still want to have fun.",Content,1
M0197,Steam,2707930,Palia,2026-09-11T01:04:05+00:00,True,2840.4,I love the community and the people you meet in the game. I love that if you don't want to do 1 activity there is many options to choose from to fill your time in the game. Free game to play and get updates on. Have been playing for over a year,Other,0
M0198,Steam,2707930,Palia,2026-09-10T22:40:18+00:00,True,6.7,highly reccomend such a fun game,Other,0
M0199,Steam,2707930,Palia,2026-09-10T22:24:12+00:00,False,143.9,"They broke their promise. Upped the crafting cost of things and put a paywall on some 'extra' storage. They said they would only put cosmetics behind a paywall, but they didn't keep their word. No longer is it Palia... Welcome to the beginning of PAYlia.",Monetization,2
M0200,Steam,2707930,Palia,2026-09-10T22:15:35+00:00,True,1024.8,everything,Other,0
