payment_id,player_id,payment_date,product_type,amount_usd,patch_version
T000001,P00003,2026-04-05,gacha_currency,49.99,1.3
T000002,P00003,2026-03-19,gacha_currency,14.99,1.3
T000003,P00003,2026-03-22,monthly_pass,9.99,1.3
T000004,P00010,2026-01-25,gacha_currency,49.99,1.2
T000005,P00010,2026-03-09,monthly_pass,9.99,1.3
T000006,P00010,2026-01-31,monthly_pass,9.99,1.2
T000007,P00015,2026-04-26,monthly_pass,9.99,1.3
T000008,P00015,2026-05-09,monthly_pass,9.99,1.3
T000009,P00047,2026-03-24,outfit,19.99,1.3
T000010,P00047,2026-03-25,outfit,29.99,1.3
T000011,P00047,2026-02-24,gacha_currency,4.99,1.2
T000012,P00058,2026-02-12,gacha_currency,4.99,1.2
T000013,P00059,2026-04-12,gacha_currency,4.99,1.3
T000014,P00068,2026-02-20,monthly_pass,9.99,1.2
T000015,P00068,2026-02-20,gacha_currency,14.99,1.2
T000016,P00073,2026-02-25,outfit,29.99,1.2
T000017,P00077,2026-02-11,outfit,19.99,1.2
T000018,P00087,2026-01-24,outfit,19.99,1.2
T000019,P00087,2026-01-31,gacha_currency,4.99,1.2
T000020,P00090,2026-04-13,gacha_currency,14.99,1.3
T000021,P00095,2026-04-24,outfit,29.99,1.3
T000022,P00095,2026-05-09,outfit,29.99,1.3
T000023,P00095,2026-04-17,monthly_pass,9.99,1.3
T000024,P00099,2026-03-15,gacha_currency,49.99,1.3
T000025,P00099,2026-03-17,gacha_currency,4.99,1.3
T000026,P00104,2026-01-12,gacha_currency,4.99,1.2
T000027,P00107,2026-04-06,gacha_currency,49.99,1.3
T000028,P00107,2026-04-17,outfit,29.99,1.3
T000029,P00107,2026-05-07,gacha_currency,4.99,1.3
T000030,P00108,2026-05-02,gacha_currency,14.99,1.3
T000031,P00108,2026-05-17,gacha_currency,14.99,1.3
T000032,P00110,2026-04-20,gacha_currency,4.99,1.3
T000033,P00110,2026-03-26,outfit,19.99,1.3
T000034,P00111,2026-02-02,gacha_currency,14.99,1.2
T000035,P00111,2026-02-22,outfit,19.99,1.2
T000036,P00143,2026-02-14,gacha_currency,29.99,1.2
T000037,P00144,2026-02-27,gacha_currency,49.99,1.2
T000038,P00144,2026-02-23,monthly_pass,9.99,1.2
T000039,P00144,2026-02-21,monthly_pass,9.99,1.2
T000040,P00152,2026-02-08,monthly_pass,9.99,1.2
T000041,P00152,2026-02-03,gacha_currency,29.99,1.2
T000042,P00152,2026-02-22,gacha_currency,14.99,1.2
T000043,P00166,2026-04-21,monthly_pass,9.99,1.3
T000044,P00166,2026-04-18,gacha_currency,14.99,1.3
T000045,P00172,2026-02-19,outfit,29.99,1.2
T000046,P00172,2026-01-21,monthly_pass,9.99,1.2
T000047,P00179,2026-05-13,gacha_currency,49.99,1.3
T000048,P00186,2026-03-14,monthly_pass,9.99,1.3
T000049,P00208,2026-04-22,monthly_pass,9.99,1.3
T000050,P00208,2026-05-11,gacha_currency,14.99,1.3
T000051,P00209,2026-03-22,gacha_currency,49.99,1.3
T000052,P00230,2026-01-25,monthly_pass,9.99,1.2
T000053,P00230,2026-02-01,monthly_pass,9.99,1.2
T000054,P00233,2026-01-16,monthly_pass,9.99,1.2
T000055,P00233,2026-01-23,gacha_currency,29.99,1.2
T000056,P00236,2026-03-25,monthly_pass,9.99,1.3
T000057,P00236,2026-05-03,monthly_pass,9.99,1.3
T000058,P00250,2026-02-13,gacha_currency,49.99,1.2
T000059,P00261,2026-04-10,outfit,19.99,1.3
T000060,P00262,2026-01-25,monthly_pass,9.99,1.2
T000061,P00262,2026-01-27,gacha_currency,4.99,1.2
T000062,P00262,2026-01-22,outfit,29.99,1.2
T000063,P00269,2026-04-11,gacha_currency,29.99,1.3
T000064,P00271,2026-02-07,gacha_currency,14.99,1.2
T000065,P00271,2026-02-03,outfit,29.99,1.2
T000066,P00271,2026-02-27,outfit,19.99,1.2
T000067,P00272,2026-01-09,gacha_currency,29.99,1.2
T000068,P00285,2026-04-01,gacha_currency,29.99,1.3
T000069,P00285,2026-03-09,monthly_pass,9.99,1.3
T000070,P00297,2026-05-28,monthly_pass,9.99,1.3
T000071,P00322,2026-01-19,monthly_pass,9.99,1.2
T000072,P00362,2026-04-22,monthly_pass,9.99,1.3
T000073,P00379,2026-03-05,gacha_currency,29.99,1.3
T000074,P00379,2026-02-27,outfit,19.99,1.2
T000075,P00389,2026-05-17,monthly_pass,9.99,1.3
T000076,P00389,2026-04-13,gacha_currency,4.99,1.3
T000077,P00389,2026-04-23,gacha_currency,49.99,1.3
T000078,P00393,2026-02-27,monthly_pass,9.99,1.2
T000079,P00396,2026-05-07,gacha_currency,29.99,1.3
T000080,P00410,2026-01-25,gacha_currency,4.99,1.2
T000081,P00410,2026-01-18,monthly_pass,9.99,1.2
T000082,P00416,2026-03-23,outfit,19.99,1.3
T000083,P00416,2026-04-05,monthly_pass,9.99,1.3
T000084,P00417,2026-05-23,gacha_currency,14.99,1.3
T000085,P00417,2026-05-09,outfit,19.99,1.3
T000086,P00421,2026-05-19,monthly_pass,9.99,1.3
T000087,P00424,2026-03-26,monthly_pass,9.99,1.3
T000088,P00426,2026-03-23,gacha_currency,29.99,1.3
T000089,P00426,2026-03-23,gacha_currency,29.99,1.3
T000090,P00426,2026-01-24,gacha_currency,14.99,1.2
T000091,P00446,2026-04-11,gacha_currency,29.99,1.3
T000092,P00446,2026-03-20,outfit,19.99,1.3
T000093,P00447,2026-03-11,gacha_currency,4.99,1.3
T000094,P00447,2026-03-23,gacha_currency,14.99,1.3
T000095,P00447,2026-02-27,gacha_currency,29.99,1.2
T000096,P00448,2026-05-25,monthly_pass,9.99,1.3
T000097,P00449,2026-03-15,gacha_currency,49.99,1.3
T000098,P00449,2026-03-19,gacha_currency,49.99,1.3
T000099,P00451,2026-04-26,outfit,19.99,1.3
T000100,P00451,2026-04-25,monthly_pass,9.99,1.3
T000101,P00451,2026-04-29,outfit,29.99,1.3
T000102,P00458,2026-03-22,outfit,29.99,1.3
T000103,P00458,2026-03-27,gacha_currency,4.99,1.3
T000104,P00458,2026-03-21,outfit,29.99,1.3
T000105,P00461,2026-04-13,gacha_currency,4.99,1.3
T000106,P00472,2026-04-21,gacha_currency,29.99,1.3
T000107,P00472,2026-04-19,monthly_pass,9.99,1.3
T000108,P00485,2026-02-24,monthly_pass,9.99,1.2
T000109,P00485,2026-02-24,gacha_currency,14.99,1.2
T000110,P00485,2026-03-01,gacha_currency,4.99,1.3
T000111,P00502,2026-03-30,monthly_pass,9.99,1.3
T000112,P00513,2026-04-07,outfit,29.99,1.3
T000113,P00526,2026-03-18,gacha_currency,4.99,1.3
T000114,P00529,2026-04-21,gacha_currency,4.99,1.3
T000115,P00534,2026-03-01,monthly_pass,9.99,1.3
T000116,P00534,2026-02-23,outfit,19.99,1.2
T000117,P00543,2026-02-27,outfit,29.99,1.2
T000118,P00543,2026-02-08,outfit,19.99,1.2
T000119,P00543,2026-03-22,monthly_pass,9.99,1.3
T000120,P00552,2026-03-06,gacha_currency,49.99,1.3
T000121,P00552,2026-03-02,gacha_currency,29.99,1.3
T000122,P00578,2026-03-16,outfit,29.99,1.3
T000123,P00578,2026-04-25,monthly_pass,9.99,1.3
T000124,P00594,2026-05-04,gacha_currency,49.99,1.3
T000125,P00594,2026-05-13,monthly_pass,9.99,1.3
T000126,P00600,2026-03-15,gacha_currency,4.99,1.3
T000127,P00600,2026-03-27,monthly_pass,9.99,1.3
T000128,P00600,2026-04-07,gacha_currency,14.99,1.3
T000129,P00605,2026-05-01,gacha_currency,49.99,1.3
T000130,P00607,2026-02-12,monthly_pass,9.99,1.2
T000131,P00615,2026-03-28,monthly_pass,9.99,1.3
T000132,P00629,2026-02-28,gacha_currency,29.99,1.2
T000133,P00642,2026-04-26,monthly_pass,9.99,1.3
T000134,P00650,2026-05-04,outfit,29.99,1.3
T000135,P00650,2026-04-08,monthly_pass,9.99,1.3
T000136,P00654,2026-04-24,gacha_currency,14.99,1.3
T000137,P00654,2026-04-11,outfit,19.99,1.3
T000138,P00654,2026-04-05,gacha_currency,4.99,1.3
T000139,P00655,2026-03-25,gacha_currency,14.99,1.3
T000140,P00685,2026-03-27,monthly_pass,9.99,1.3
T000141,P00685,2026-02-17,monthly_pass,9.99,1.2
T000142,P00685,2026-02-19,monthly_pass,9.99,1.2
T000143,P00689,2026-04-14,monthly_pass,9.99,1.3
T000144,P00689,2026-02-23,monthly_pass,9.99,1.2
T000145,P00689,2026-03-12,monthly_pass,9.99,1.3
T000146,P00691,2026-05-15,monthly_pass,9.99,1.3
T000147,P00691,2026-04-29,monthly_pass,9.99,1.3
T000148,P00701,2026-03-14,outfit,19.99,1.3
T000149,P00701,2026-03-03,monthly_pass,9.99,1.3
T000150,P00701,2026-03-07,gacha_currency,4.99,1.3
T000151,P00709,2026-03-18,monthly_pass,9.99,1.3
T000152,P00709,2026-03-15,gacha_currency,49.99,1.3
T000153,P00723,2026-04-14,monthly_pass,9.99,1.3
T000154,P00723,2026-04-10,monthly_pass,9.99,1.3
T000155,P00723,2026-05-20,gacha_currency,4.99,1.3
T000156,P00731,2026-04-13,gacha_currency,14.99,1.3
T000157,P00731,2026-05-17,outfit,19.99,1.3
T000158,P00731,2026-03-29,gacha_currency,4.99,1.3
T000159,P00735,2026-02-10,gacha_currency,4.99,1.2
T000160,P00735,2026-04-02,monthly_pass,9.99,1.3
T000161,P00738,2026-02-18,gacha_currency,49.99,1.2
T000162,P00753,2026-01-25,monthly_pass,9.99,1.2
T000163,P00753,2026-01-25,monthly_pass,9.99,1.2
T000164,P00755,2026-03-17,gacha_currency,14.99,1.3
T000165,P00755,2026-03-07,gacha_currency,49.99,1.3
T000166,P00770,2026-03-10,gacha_currency,4.99,1.3
T000167,P00786,2026-03-14,gacha_currency,49.99,1.3
T000168,P00807,2026-03-30,gacha_currency,14.99,1.3
T000169,P00807,2026-03-12,gacha_currency,49.99,1.3
T000170,P00807,2026-03-15,monthly_pass,9.99,1.3
T000171,P00816,2026-05-15,monthly_pass,9.99,1.3
T000172,P00816,2026-05-19,monthly_pass,9.99,1.3
T000173,P00818,2026-02-11,monthly_pass,9.99,1.2
T000174,P00818,2026-01-28,monthly_pass,9.99,1.2
T000175,P00827,2026-04-04,monthly_pass,9.99,1.3
T000176,P00827,2026-05-08,outfit,19.99,1.3
T000177,P00838,2026-02-20,gacha_currency,14.99,1.2
T000178,P00838,2026-02-08,monthly_pass,9.99,1.2
T000179,P00838,2026-02-02,gacha_currency,4.99,1.2
T000180,P00845,2026-01-31,gacha_currency,49.99,1.2
T000181,P00845,2026-02-07,monthly_pass,9.99,1.2
T000182,P00845,2026-02-06,monthly_pass,9.99,1.2
T000183,P00851,2026-05-16,outfit,19.99,1.3
T000184,P00862,2026-04-29,monthly_pass,9.99,1.3
T000185,P00862,2026-05-28,gacha_currency,4.99,1.3
T000186,P00865,2026-04-09,gacha_currency,4.99,1.3
T000187,P00865,2026-04-10,monthly_pass,9.99,1.3
T000188,P00865,2026-04-19,monthly_pass,9.99,1.3
T000189,P00867,2026-04-27,monthly_pass,9.99,1.3
T000190,P00867,2026-04-09,gacha_currency,49.99,1.3
T000191,P00867,2026-04-16,monthly_pass,9.99,1.3
T000192,P00871,2026-02-26,outfit,29.99,1.2
T000193,P00871,2026-02-28,gacha_currency,14.99,1.2
T000194,P00871,2026-03-03,gacha_currency,4.99,1.3
T000195,P00874,2026-01-31,monthly_pass,9.99,1.2
T000196,P00880,2026-03-28,gacha_currency,29.99,1.3
T000197,P00880,2026-03-23,monthly_pass,9.99,1.3
T000198,P00880,2026-03-24,gacha_currency,29.99,1.3
T000199,P00889,2026-01-26,gacha_currency,29.99,1.2
T000200,P00889,2026-01-03,gacha_currency,4.99,1.2
T000201,P00890,2026-02-04,outfit,19.99,1.2
T000202,P00898,2026-01-23,gacha_currency,14.99,1.2
T000203,P00898,2026-01-20,outfit,19.99,1.2
T000204,P00898,2026-02-10,gacha_currency,49.99,1.2
T000205,P00911,2026-04-24,monthly_pass,9.99,1.3
T000206,P00911,2026-04-03,monthly_pass,9.99,1.3
T000207,P00922,2026-04-18,gacha_currency,49.99,1.3
T000208,P00922,2026-04-12,gacha_currency,4.99,1.3
T000209,P00925,2026-02-03,gacha_currency,14.99,1.2
T000210,P00928,2026-03-07,outfit,19.99,1.3
T000211,P00957,2026-03-29,gacha_currency,29.99,1.3
T000212,P00957,2026-02-28,monthly_pass,9.99,1.2
T000213,P00957,2026-03-31,gacha_currency,4.99,1.3
T000214,P00959,2026-05-05,gacha_currency,4.99,1.3
T000215,P00960,2026-02-20,monthly_pass,9.99,1.2
T000216,P00967,2026-03-11,monthly_pass,9.99,1.3
T000217,P00967,2026-03-15,monthly_pass,9.99,1.3
T000218,P00969,2026-04-21,gacha_currency,29.99,1.3
T000219,P00969,2026-05-11,outfit,29.99,1.3
T000220,P00973,2026-02-24,gacha_currency,4.99,1.2
T000221,P00984,2026-03-22,monthly_pass,9.99,1.3
T000222,P00984,2026-04-08,outfit,29.99,1.3
T000223,P00984,2026-05-12,gacha_currency,49.99,1.3
T000224,P00986,2026-03-26,gacha_currency,29.99,1.3
T000225,P00986,2026-05-14,gacha_currency,29.99,1.3
T000226,P00988,2026-02-23,outfit,29.99,1.2
T000227,P00988,2026-02-10,outfit,29.99,1.2
T000228,P00991,2026-03-18,gacha_currency,4.99,1.3
T000229,P00995,2026-03-16,monthly_pass,9.99,1.3
T000230,P00995,2026-03-16,monthly_pass,9.99,1.3
T000231,P00998,2026-04-12,outfit,19.99,1.3
T000232,P00998,2026-03-02,gacha_currency,49.99,1.3
T000233,P01003,2026-03-24,gacha_currency,14.99,1.3
T000234,P01006,2026-05-17,gacha_currency,14.99,1.3
T000235,P01006,2026-04-26,gacha_currency,14.99,1.3
T000236,P01006,2026-04-22,gacha_currency,29.99,1.3
T000237,P01015,2026-03-16,gacha_currency,49.99,1.3
T000238,P01015,2026-04-16,monthly_pass,9.99,1.3
T000239,P01025,2026-05-18,outfit,19.99,1.3
T000240,P01025,2026-04-16,gacha_currency,29.99,1.3
T000241,P01037,2026-04-23,outfit,29.99,1.3
T000242,P01037,2026-05-03,monthly_pass,9.99,1.3
T000243,P01037,2026-04-25,gacha_currency,49.99,1.3
T000244,P01043,2026-02-22,monthly_pass,9.99,1.2
T000245,P01043,2026-04-04,gacha_currency,49.99,1.3
T000246,P01043,2026-02-22,gacha_currency,49.99,1.2
T000247,P01044,2026-03-17,monthly_pass,9.99,1.3
T000248,P01044,2026-03-17,gacha_currency,14.99,1.3
T000249,P01049,2026-05-02,gacha_currency,29.99,1.3
T000250,P01049,2026-04-03,monthly_pass,9.99,1.3
T000251,P01049,2026-05-02,outfit,29.99,1.3
T000252,P01050,2026-03-25,gacha_currency,49.99,1.3
T000253,P01050,2026-01-15,outfit,29.99,1.2
T000254,P01053,2026-04-09,gacha_currency,4.99,1.3
T000255,P01084,2026-03-05,gacha_currency,29.99,1.3
T000256,P01084,2026-03-20,monthly_pass,9.99,1.3
T000257,P01084,2026-03-23,gacha_currency,4.99,1.3
T000258,P01098,2026-04-12,monthly_pass,9.99,1.3
T000259,P01109,2026-05-02,gacha_currency,49.99,1.3
T000260,P01109,2026-05-20,monthly_pass,9.99,1.3
T000261,P01109,2026-05-20,gacha_currency,14.99,1.3
T000262,P01111,2026-04-10,gacha_currency,14.99,1.3
T000263,P01111,2026-03-31,gacha_currency,49.99,1.3
T000264,P01114,2026-02-22,gacha_currency,49.99,1.2
T000265,P01127,2026-04-25,gacha_currency,49.99,1.3
T000266,P01127,2026-04-11,monthly_pass,9.99,1.3
T000267,P01130,2026-03-29,gacha_currency,29.99,1.3
T000268,P01141,2026-04-20,outfit,19.99,1.3
T000269,P01141,2026-04-12,monthly_pass,9.99,1.3
T000270,P01141,2026-05-28,outfit,19.99,1.3
T000271,P01147,2026-03-10,monthly_pass,9.99,1.3
T000272,P01153,2026-02-22,gacha_currency,14.99,1.2
T000273,P01153,2026-03-02,monthly_pass,9.99,1.3
T000274,P01157,2026-01-18,gacha_currency,29.99,1.2
T000275,P01158,2026-05-01,monthly_pass,9.99,1.3
T000276,P01182,2026-04-18,gacha_currency,14.99,1.3
T000277,P01188,2026-03-21,monthly_pass,9.99,1.3
T000278,P01188,2026-03-17,gacha_currency,4.99,1.3
T000279,P01188,2026-03-31,gacha_currency,49.99,1.3
T000280,P01199,2026-05-26,monthly_pass,9.99,1.3
T000281,P01199,2026-05-16,monthly_pass,9.99,1.3
T000282,P01200,2026-05-01,gacha_currency,49.99,1.3
T000283,P01208,2026-04-05,gacha_currency,49.99,1.3
T000284,P01213,2026-02-22,gacha_currency,49.99,1.2
T000285,P01221,2026-04-27,outfit,29.99,1.3
T000286,P01222,2026-03-15,gacha_currency,4.99,1.3
T000287,P01222,2026-03-25,monthly_pass,9.99,1.3
T000288,P01222,2026-03-19,monthly_pass,9.99,1.3
T000289,P01243,2026-04-24,outfit,19.99,1.3
T000290,P01247,2026-04-21,gacha_currency,4.99,1.3
T000291,P01247,2026-04-12,gacha_currency,4.99,1.3
T000292,P01257,2026-03-22,gacha_currency,49.99,1.3
T000293,P01257,2026-03-02,gacha_currency,14.99,1.3
T000294,P01257,2026-01-29,monthly_pass,9.99,1.2
T000295,P01258,2026-03-17,monthly_pass,9.99,1.3
T000296,P01258,2026-05-03,gacha_currency,49.99,1.3
T000297,P01263,2026-03-25,gacha_currency,14.99,1.3
T000298,P01263,2026-03-29,gacha_currency,4.99,1.3
T000299,P01263,2026-03-16,gacha_currency,29.99,1.3
T000300,P01275,2026-04-20,outfit,29.99,1.3
T000301,P01275,2026-04-10,monthly_pass,9.99,1.3
T000302,P01275,2026-04-20,gacha_currency,4.99,1.3
T000303,P01280,2026-04-11,monthly_pass,9.99,1.3
T000304,P01282,2026-04-17,outfit,19.99,1.3
T000305,P01282,2026-04-12,gacha_currency,29.99,1.3
T000306,P01282,2026-04-09,monthly_pass,9.99,1.3
T000307,P01298,2026-04-12,monthly_pass,9.99,1.3
T000308,P01326,2026-03-06,monthly_pass,9.99,1.3
T000309,P01326,2026-02-16,gacha_currency,4.99,1.2
T000310,P01339,2026-04-23,outfit,19.99,1.3
T000311,P01339,2026-04-03,gacha_currency,4.99,1.3
T000312,P01339,2026-04-17,outfit,29.99,1.3
T000313,P01340,2026-03-06,monthly_pass,9.99,1.3
T000314,P01383,2026-03-29,gacha_currency,49.99,1.3
T000315,P01383,2026-03-01,gacha_currency,49.99,1.3
T000316,P01402,2026-01-28,monthly_pass,9.99,1.2
T000317,P01402,2026-01-28,gacha_currency,4.99,1.2
T000318,P01404,2026-02-15,outfit,19.99,1.2
T000319,P01406,2026-01-31,gacha_currency,49.99,1.2
T000320,P01407,2026-02-20,monthly_pass,9.99,1.2
T000321,P01407,2026-03-17,outfit,29.99,1.3
T000322,P01407,2026-02-09,gacha_currency,14.99,1.2
T000323,P01419,2026-04-12,gacha_currency,4.99,1.3
T000324,P01419,2026-04-10,gacha_currency,29.99,1.3
T000325,P01419,2026-04-28,monthly_pass,9.99,1.3
T000326,P01427,2026-03-27,gacha_currency,29.99,1.3
T000327,P01427,2026-05-10,gacha_currency,14.99,1.3
T000328,P01442,2026-03-03,gacha_currency,29.99,1.3
T000329,P01442,2026-04-02,outfit,29.99,1.3
T000330,P01442,2026-03-09,gacha_currency,4.99,1.3
T000331,P01473,2026-03-30,gacha_currency,29.99,1.3
T000332,P01477,2026-04-11,monthly_pass,9.99,1.3
T000333,P01477,2026-03-27,outfit,19.99,1.3
T000334,P01477,2026-03-23,outfit,29.99,1.3
T000335,P01478,2026-03-05,monthly_pass,9.99,1.3
T000336,P01478,2026-02-18,outfit,19.99,1.2
T000337,P01485,2026-03-24,gacha_currency,29.99,1.3
T000338,P01490,2026-04-02,gacha_currency,49.99,1.3
T000339,P01490,2026-04-11,monthly_pass,9.99,1.3
T000340,P01492,2026-03-21,outfit,19.99,1.3
T000341,P01498,2026-04-04,monthly_pass,9.99,1.3
T000342,P01498,2026-04-01,gacha_currency,14.99,1.3
T000343,P01535,2026-04-15,gacha_currency,29.99,1.3
T000344,P01535,2026-04-23,gacha_currency,29.99,1.3
T000345,P01537,2026-02-14,monthly_pass,9.99,1.2
T000346,P01539,2026-04-03,monthly_pass,9.99,1.3
T000347,P01552,2026-05-21,monthly_pass,9.99,1.3
T000348,P01552,2026-05-04,outfit,29.99,1.3
T000349,P01556,2026-02-11,outfit,29.99,1.2
T000350,P01581,2026-02-25,outfit,19.99,1.2
T000351,P01581,2026-02-25,monthly_pass,9.99,1.2
T000352,P01590,2026-01-15,monthly_pass,9.99,1.2
T000353,P01594,2026-01-28,gacha_currency,49.99,1.2
T000354,P01594,2026-01-04,monthly_pass,9.99,1.2
T000355,P01594,2026-02-23,gacha_currency,4.99,1.2
T000356,P01595,2026-03-26,outfit,29.99,1.3
T000357,P01600,2026-04-11,monthly_pass,9.99,1.3
T000358,P01619,2026-01-28,monthly_pass,9.99,1.2
T000359,P01620,2026-04-25,monthly_pass,9.99,1.3
T000360,P01620,2026-04-28,outfit,19.99,1.3
T000361,P01620,2026-05-07,gacha_currency,4.99,1.3
T000362,P01627,2026-03-08,gacha_currency,4.99,1.3
T000363,P01628,2026-04-03,monthly_pass,9.99,1.3
T000364,P01628,2026-03-27,monthly_pass,9.99,1.3
T000365,P01628,2026-04-10,monthly_pass,9.99,1.3
T000366,P01636,2026-03-08,monthly_pass,9.99,1.3
T000367,P01636,2026-03-29,gacha_currency,49.99,1.3
T000368,P01636,2026-03-03,gacha_currency,29.99,1.3
T000369,P01638,2026-03-16,gacha_currency,14.99,1.3
T000370,P01638,2026-05-01,gacha_currency,29.99,1.3
T000371,P01649,2026-05-18,monthly_pass,9.99,1.3
T000372,P01649,2026-05-02,gacha_currency,49.99,1.3
T000373,P01649,2026-05-21,gacha_currency,4.99,1.3
T000374,P01650,2026-04-23,monthly_pass,9.99,1.3
T000375,P01654,2026-04-01,gacha_currency,4.99,1.3
T000376,P01654,2026-03-10,gacha_currency,4.99,1.3
T000377,P01654,2026-04-18,monthly_pass,9.99,1.3
T000378,P01659,2026-04-09,gacha_currency,49.99,1.3
T000379,P01673,2026-02-05,monthly_pass,9.99,1.2
T000380,P01685,2026-03-05,monthly_pass,9.99,1.3
T000381,P01685,2026-02-19,monthly_pass,9.99,1.2
T000382,P01685,2026-03-15,outfit,29.99,1.3
T000383,P01704,2026-02-11,gacha_currency,49.99,1.2
T000384,P01756,2026-03-16,outfit,19.99,1.3
T000385,P01757,2026-02-20,gacha_currency,49.99,1.2
T000386,P01757,2026-02-10,gacha_currency,49.99,1.2
T000387,P01757,2026-02-12,gacha_currency,29.99,1.2
T000388,P01762,2026-03-06,monthly_pass,9.99,1.3
T000389,P01762,2026-04-17,gacha_currency,49.99,1.3
T000390,P01762,2026-04-02,gacha_currency,49.99,1.3
T000391,P01775,2026-04-02,gacha_currency,4.99,1.3
T000392,P01775,2026-04-07,gacha_currency,49.99,1.3
T000393,P01775,2026-04-11,monthly_pass,9.99,1.3
T000394,P01776,2026-02-02,monthly_pass,9.99,1.2
T000395,P01776,2026-03-11,gacha_currency,4.99,1.3
T000396,P01776,2026-01-17,gacha_currency,14.99,1.2
T000397,P01777,2026-02-24,monthly_pass,9.99,1.2
T000398,P01781,2026-01-14,gacha_currency,14.99,1.2
T000399,P01781,2026-01-25,monthly_pass,9.99,1.2
T000400,P01781,2026-02-17,outfit,19.99,1.2
T000401,P01782,2026-03-20,gacha_currency,29.99,1.3
T000402,P01782,2026-02-09,outfit,19.99,1.2
T000403,P01782,2026-03-04,gacha_currency,4.99,1.3
T000404,P01808,2026-02-25,outfit,29.99,1.2
T000405,P01808,2026-03-20,monthly_pass,9.99,1.3
T000406,P01808,2026-03-31,gacha_currency,29.99,1.3
T000407,P01827,2026-01-19,gacha_currency,49.99,1.2
T000408,P01827,2026-02-18,monthly_pass,9.99,1.2
T000409,P01829,2026-03-25,outfit,29.99,1.3
T000410,P01838,2026-02-09,gacha_currency,4.99,1.2
T000411,P01846,2026-03-14,gacha_currency,29.99,1.3
T000412,P01846,2026-03-31,monthly_pass,9.99,1.3
T000413,P01868,2026-03-29,gacha_currency,14.99,1.3
T000414,P01868,2026-04-30,outfit,19.99,1.3
T000415,P01880,2026-01-27,gacha_currency,49.99,1.2
T000416,P01884,2026-04-08,monthly_pass,9.99,1.3
T000417,P01884,2026-04-18,monthly_pass,9.99,1.3
T000418,P01888,2026-02-24,outfit,29.99,1.2
T000419,P01888,2026-03-18,gacha_currency,29.99,1.3
T000420,P01890,2026-02-24,monthly_pass,9.99,1.2
T000421,P01916,2026-03-05,gacha_currency,4.99,1.3
T000422,P01916,2026-03-25,monthly_pass,9.99,1.3
T000423,P01916,2026-03-01,outfit,19.99,1.3
T000424,P01930,2026-05-20,monthly_pass,9.99,1.3
T000425,P01930,2026-05-01,outfit,29.99,1.3
T000426,P01930,2026-05-10,monthly_pass,9.99,1.3
T000427,P01939,2026-05-12,monthly_pass,9.99,1.3
T000428,P01945,2026-03-24,monthly_pass,9.99,1.3
T000429,P01945,2026-03-09,monthly_pass,9.99,1.3
T000430,P01945,2026-04-09,outfit,19.99,1.3
T000431,P01970,2026-03-06,gacha_currency,29.99,1.3
T000432,P01972,2026-04-16,gacha_currency,49.99,1.3
T000433,P01972,2026-04-19,monthly_pass,9.99,1.3
T000434,P01972,2026-05-29,gacha_currency,29.99,1.3
T000435,P01983,2026-01-16,outfit,29.99,1.2
T000436,P01983,2026-01-11,monthly_pass,9.99,1.2
T000437,P01983,2026-01-17,gacha_currency,49.99,1.2
T000438,P01986,2026-04-16,gacha_currency,49.99,1.3
T000439,P01986,2026-04-06,gacha_currency,4.99,1.3
T000440,P01988,2026-02-03,gacha_currency,49.99,1.2
T000441,P01988,2026-01-27,monthly_pass,9.99,1.2
T000442,P01988,2026-01-27,monthly_pass,9.99,1.2
T000443,P01997,2026-03-27,outfit,29.99,1.3
T000444,P01997,2026-04-27,gacha_currency,14.99,1.3
T000445,P01997,2026-03-08,monthly_pass,9.99,1.3
T000446,P02003,2026-03-11,monthly_pass,9.99,1.3
T000447,P02003,2026-02-28,outfit,29.99,1.2
T000448,P02003,2026-03-05,outfit,19.99,1.3
T000449,P02027,2026-04-11,monthly_pass,9.99,1.3
T000450,P02027,2026-05-09,gacha_currency,14.99,1.3
T000451,P02027,2026-03-15,gacha_currency,49.99,1.3
T000452,P02029,2026-03-29,outfit,29.99,1.3
T000453,P02031,2026-03-13,gacha_currency,49.99,1.3
T000454,P02031,2026-04-16,monthly_pass,9.99,1.3
T000455,P02067,2026-03-25,gacha_currency,4.99,1.3
T000456,P02067,2026-03-25,gacha_currency,4.99,1.3
T000457,P02067,2026-04-17,monthly_pass,9.99,1.3
T000458,P02072,2026-03-25,gacha_currency,14.99,1.3
T000459,P02092,2026-02-15,monthly_pass,9.99,1.2
T000460,P02094,2026-02-14,gacha_currency,4.99,1.2
T000461,P02094,2026-02-22,monthly_pass,9.99,1.2
T000462,P02094,2026-02-22,gacha_currency,14.99,1.2
T000463,P02114,2026-04-25,monthly_pass,9.99,1.3
T000464,P02114,2026-04-22,gacha_currency,4.99,1.3
T000465,P02116,2026-02-16,gacha_currency,14.99,1.2
T000466,P02116,2026-03-02,gacha_currency,49.99,1.3
T000467,P02116,2026-02-20,gacha_currency,49.99,1.2
T000468,P02122,2026-04-29,gacha_currency,4.99,1.3
T000469,P02124,2026-03-24,monthly_pass,9.99,1.3
T000470,P02124,2026-03-19,gacha_currency,49.99,1.3
T000471,P02125,2026-04-03,outfit,19.99,1.3
T000472,P02125,2026-04-03,monthly_pass,9.99,1.3
T000473,P02125,2026-03-29,outfit,29.99,1.3
T000474,P02134,2026-02-21,gacha_currency,4.99,1.2
T000475,P02134,2026-02-16,gacha_currency,14.99,1.2
T000476,P02140,2026-03-09,gacha_currency,29.99,1.3
T000477,P02140,2026-02-21,gacha_currency,49.99,1.2
T000478,P02146,2026-04-22,monthly_pass,9.99,1.3
T000479,P02146,2026-03-14,gacha_currency,14.99,1.3
T000480,P02161,2026-04-07,gacha_currency,49.99,1.3
T000481,P02161,2026-04-14,monthly_pass,9.99,1.3
T000482,P02161,2026-04-04,monthly_pass,9.99,1.3
T000483,P02168,2026-04-16,monthly_pass,9.99,1.3
T000484,P02168,2026-05-15,gacha_currency,49.99,1.3
T000485,P02168,2026-04-08,monthly_pass,9.99,1.3
T000486,P02169,2026-04-26,outfit,19.99,1.3
T000487,P02169,2026-04-28,monthly_pass,9.99,1.3
T000488,P02169,2026-04-19,outfit,19.99,1.3
T000489,P02170,2026-04-30,gacha_currency,49.99,1.3
T000490,P02170,2026-05-23,gacha_currency,49.99,1.3
T000491,P02206,2026-04-04,monthly_pass,9.99,1.3
T000492,P02206,2026-05-25,gacha_currency,4.99,1.3
T000493,P02206,2026-04-21,gacha_currency,14.99,1.3
T000494,P02208,2026-05-17,gacha_currency,4.99,1.3
T000495,P02208,2026-04-09,outfit,29.99,1.3
T000496,P02208,2026-05-17,gacha_currency,49.99,1.3
T000497,P02210,2026-02-01,outfit,19.99,1.2
T000498,P02210,2026-01-26,gacha_currency,4.99,1.2
T000499,P02210,2026-01-28,gacha_currency,49.99,1.2
T000500,P02232,2026-03-03,gacha_currency,29.99,1.3
T000501,P02232,2026-01-10,gacha_currency,14.99,1.2
T000502,P02239,2026-03-14,gacha_currency,4.99,1.3
T000503,P02239,2026-04-22,gacha_currency,49.99,1.3
T000504,P02242,2026-03-18,monthly_pass,9.99,1.3
T000505,P02242,2026-04-15,gacha_currency,49.99,1.3
T000506,P02280,2026-03-24,outfit,19.99,1.3
T000507,P02290,2026-02-20,gacha_currency,14.99,1.2
T000508,P02290,2026-03-17,gacha_currency,14.99,1.3
T000509,P02297,2026-01-20,outfit,19.99,1.2
T000510,P02310,2026-03-03,gacha_currency,14.99,1.3
T000511,P02310,2026-03-14,outfit,19.99,1.3
T000512,P02310,2026-03-23,gacha_currency,4.99,1.3
T000513,P02322,2026-03-17,gacha_currency,14.99,1.3
T000514,P02329,2026-02-10,gacha_currency,14.99,1.2
T000515,P02337,2026-03-14,outfit,19.99,1.3
T000516,P02337,2026-03-05,monthly_pass,9.99,1.3
T000517,P02337,2026-02-25,monthly_pass,9.99,1.2
T000518,P02358,2026-01-28,gacha_currency,49.99,1.2
T000519,P02358,2026-01-27,monthly_pass,9.99,1.2
T000520,P02358,2026-02-16,monthly_pass,9.99,1.2
T000521,P02388,2026-04-30,outfit,19.99,1.3
T000522,P02402,2026-04-19,gacha_currency,4.99,1.3
T000523,P02408,2026-04-20,gacha_currency,29.99,1.3
T000524,P02408,2026-04-20,gacha_currency,4.99,1.3
T000525,P02408,2026-03-30,monthly_pass,9.99,1.3
T000526,P02411,2026-04-22,monthly_pass,9.99,1.3
T000527,P02417,2026-03-27,monthly_pass,9.99,1.3
T000528,P02431,2026-02-15,monthly_pass,9.99,1.2
T000529,P02431,2026-02-20,outfit,29.99,1.2
T000530,P02435,2026-02-24,outfit,19.99,1.2
T000531,P02435,2026-03-22,monthly_pass,9.99,1.3
T000532,P02435,2026-04-04,gacha_currency,29.99,1.3
T000533,P02454,2026-02-26,outfit,19.99,1.2
T000534,P02454,2026-03-16,monthly_pass,9.99,1.3
T000535,P02454,2026-04-05,gacha_currency,29.99,1.3
T000536,P02475,2026-01-13,monthly_pass,9.99,1.2
T000537,P02475,2026-01-13,monthly_pass,9.99,1.2
T000538,P02475,2026-01-18,outfit,19.99,1.2
